,Factor1,Factor2,Factor3,Factor4,Factor5,Factor6,Factor7,Factor8,Factor9,Factor10
0,-0.26300287,-0.2943917,0.107161514,-0.38081235,-0.14438398,-0.20766187,-0.12868297,-0.08431725,-0.1406653,-0.16202211
1,0.1152361,0.33336404,1.4796315,0.8758633,1.1502643,-0.18345147,-0.7417009,-0.6040792,1.4416795,1.6959645
2,-0.95661545,-0.42213032,-0.9622556,0.13999343,-0.4201428,1.0905095,-1.0918338,0.89997345,-1.205315,-1.1617054
3,-0.09373595,-1.02003,-0.99033535,-0.9212085,-0.7376281,1.1932254,-1.1327006,-0.009015501,-1.2661817,-0.9107855
4,-0.30356658,1.5145392,0.8016599,-0.347867,0.54338217,-0.5129182,0.9075097,0.054907903,0.91358,0.8533537
5,-0.281396,0.027075887,0.2717329,0.13834845,0.21879774,-0.31959704,-0.36989647,-0.16042018,-0.46947253,0.15318052
6,-0.9683577,0.28995717,0.028206855,0.8066584,-0.27811164,-0.16841131,-0.05061589,1.1232191,-0.23054078,-0.2154142
7,0.13625513,-0.64160687,-0.41245925,-0.52514666,-0.9250052,0.84792006,-0.6159022,0.116789415,-0.9943611,-0.7403025
8,0.021998793,-0.17895454,-0.74855787,0.8235301,-0.7543961,0.04307905,-1.2012799,0.4685728,-0.3325157,-0.53114593
9,0.20322381,-0.9424049,-1.5265043,-0.8275868,-1.45562,2.2165136,-1.57121,0.9580607,-1.5238819,-1.7264876
10,-0.6434091,0.84389824,0.827396,0.23941855,0.87261546,-0.354307,-0.12116389,0.07146637,0.6036466,0.90371037
11,0.284007,1.0076308,1.2807477,-0.26973605,0.692405,-0.22634801,0.1816783,-0.6806082,1.6161981,1.0811124
12,0.07605581,0.3871857,0.9313149,0.73047614,0.39108607,-0.6754273,-0.68808246,-0.24068502,0.949513,1.1507773
13,-0.18110116,-0.20380959,0.031938523,0.23710936,0.20106205,-0.478285,-0.737797,-0.23528428,-0.027362764,0.2867968
14,-0.38305628,-0.6602914,-0.35666484,-0.39211488,0.017033339,-0.14640206,-0.4505436,-0.6703814,0.18698788,-0.28176105
15,0.33263046,0.3976388,0.57485926,-0.24097697,-0.077663586,-0.42333403,0.115912676,-0.4975077,0.72000736,0.4474017
16,0.13266005,-0.23679966,-0.6902898,0.4484138,-0.54996014,0.1364443,-1.1239915,-0.121031925,-0.5988021,-0.2676334
17,-0.34886998,-0.12893936,0.03931798,0.022987366,-0.1532949,0.1940377,-0.12458828,0.44973898,-0.8858186,-0.35959816
18,-0.29463422,-0.7907123,-1.3187258,-0.28348172,-0.8152939,1.2436428,-1.3889694,0.29804903,-1.1844304,-1.2317324
19,-0.4040711,-1.1635516,-1.5480318,-0.6033951,-0.833122,0.97706664,-1.7413249,0.04770446,-0.72168785,-1.3226994
20,-0.21496758,0.17615712,0.2952982,0.07093027,0.0055900216,-0.3373031,0.020380273,0.06922655,-0.4221995,0.088379614
21,-0.41674286,-0.5735955,-1.6510448,0.098885655,-1.1110166,1.6092132,-1.9891549,0.4092003,-1.1874802,-1.3374258
22,-0.020481743,0.9575003,0.752473,-0.6562016,0.16970241,-0.50108016,0.5477803,-0.3745457,1.0199466,0.3936067
23,0.53810805,0.87927353,0.84067583,-0.12424007,-0.36622423,-0.618624,0.48613796,-0.37577564,0.5486801,0.7115914
24,-0.06951034,-0.12293975,-1.0205302,0.4733212,-0.5399684,1.0155654,-0.8036262,0.626237,-1.5084627,-0.52148414
25,0.24507765,-0.056148116,-0.5124976,0.39011925,-0.3448276,0.24055555,-0.6582891,-0.035989776,-0.88759255,-0.1402441
26,0.5947975,-0.53578734,-0.7401585,-0.66424924,-0.3357513,0.66419804,-0.5159439,-0.6033858,-1.1951978,-0.23002976
27,-1.0020374,0.18519473,-0.059543252,0.29713064,-0.331643,-0.09647858,0.32084414,1.0269843,-0.08145383,-0.1749169
28,0.43025076,1.6071908,0.895752,0.073718384,0.07917768,-0.45418808,1.3622178,-0.13810131,0.6987502,1.0257227
29,1.1354864,0.77013123,0.9122167,0.9259479,-0.3234382,-0.5219305,0.45457122,-0.6708122,0.55227095,1.2872527
30,-0.057311118,0.16892257,0.5342192,-0.07927458,0.44300756,-0.16151264,0.06482276,-0.6157723,-0.20176959,0.27261847
31,-0.3233413,0.50928074,0.6278553,-0.19663928,0.48339072,-0.47484064,-0.2285989,-0.07500649,0.9980337,0.69096535
32,-0.039633743,0.3237425,0.8274717,0.12168313,0.5022923,-0.44092852,-0.041987672,-0.12077776,0.33505803,0.58798254
33,-0.036511943,-0.00084362924,-0.2827837,0.19030249,0.3293489,0.21740505,-0.09332228,-0.34299543,-1.2854013,-0.008209027
34,0.49715048,1.0949593,1.1850767,0.21853146,0.16886026,-0.50791454,0.38077357,-0.35402673,1.1136398,1.2280258
35,0.6333437,-0.052596465,-0.0024360418,0.06862342,-0.68337655,-0.23283401,-0.23248982,-0.40285015,-0.28114805,0.054512635
36,0.31728446,1.1283245,0.92135656,0.56049246,0.20602259,-0.48293823,0.5223923,-0.25495398,0.3683502,1.0052274
37,0.75538737,0.18221796,0.4785937,0.31753525,0.01070939,-0.24139337,0.024198756,-0.65722334,-0.2634466,0.40011105
38,-0.048040293,0.56956035,0.6377201,0.4884562,0.05539733,-0.5906155,0.15593204,0.15817486,0.039966345,0.6974351
39,-0.6599877,0.058816105,0.14272708,0.19527625,-0.30339545,-0.298399,0.0021348894,0.5795223,-0.24760118,-0.073023535
40,-0.4833339,-0.5572916,-0.16109528,-0.9344275,-0.19903772,0.4591107,-0.008297473,0.064158216,-0.69576395,-0.81183887
41,-0.6247877,-0.12963724,0.14963144,0.034278646,-0.7520865,-0.1619587,0.32441935,0.99208933,0.055365086,-0.4109191
42,-0.47797596,0.17013681,0.31403697,-0.27603108,0.029186279,-0.27240705,0.5274173,0.29637647,-0.12048063,0.07334338
43,-0.4452535,-0.32460928,-0.12285088,0.18477498,-0.90683377,-0.14112419,-0.5022139,0.6034515,0.012764752,-0.70353675
44,-0.108806565,-0.019912787,0.18892998,0.0026898608,0.13263878,-0.55502135,-0.56643295,-0.18095644,0.44281602,0.202097
45,-0.2827006,0.55041736,0.70375043,0.36356938,0.3579217,-0.56638825,-0.25979057,0.23217244,0.2663223,0.6626221
46,-0.25987607,0.5081169,0.4101851,0.37990296,0.04249081,-0.36730444,0.37077323,0.35310805,-0.46831936,0.27620003
47,0.26920056,0.90044874,0.7068887,1.2089802,0.30930546,-0.5115462,0.5390793,0.0637023,-0.111368984,1.070999
48,0.1643794,0.67815566,0.56640476,0.7129396,-0.18100075,-0.57424986,0.5557469,0.41866076,0.04597026,0.86455554
49,-0.53738797,-0.2631563,-0.1621301,-0.26985377,0.10910717,-0.29046643,-0.22979061,-0.05452922,0.16937256,-0.13905117
50,0.3034293,0.49343514,0.8726249,0.3413535,0.38759193,-0.3131107,0.07222423,-0.6703761,0.09172732,0.6888089
51,-0.3855673,-0.5588081,-0.099228665,-0.84432924,-0.22314194,0.5375196,-0.15618277,0.29447109,-0.8081095,-0.6662431
52,-0.23579851,-0.9473576,-0.40552402,-0.7230661,-0.88843036,0.2583442,-0.5081151,0.0074129105,-0.24216685,-0.99565333
53,-0.1863176,0.5472157,0.42903125,-0.41068172,0.381633,-0.4020552,0.18965834,-0.106952995,0.635402,0.35218635
54,-0.19113961,0.704186,0.47335327,0.6409706,0.1539278,-0.6617999,0.2884746,0.4993103,0.2660883,0.82459706
55,0.2875085,0.8317528,0.77908087,0.58668685,0.09230247,-0.47788328,0.32003316,-0.16449906,0.24854833,0.9461655
56,-0.30979323,0.19204369,0.2294599,0.23228991,-0.06369674,-0.3790566,-0.041623265,0.23751421,-0.39072144,0.12429784
57,0.03975831,0.91537744,1.211753,0.43322462,0.9101479,-0.23115046,0.34401497,-0.31460688,0.45094144,1.0612592
58,-0.16665122,-1.1948614,-0.50797653,-1.126421,-0.9413508,0.5052036,-0.23260638,-0.08467504,-0.34275734,-1.0962021
59,0.21331228,1.0015595,1.069562,0.5247241,0.3518181,-0.54649293,0.2119349,-0.047087714,0.7766264,1.2100792
60,0.116639435,0.5707272,0.7109273,0.67058533,-0.1244272,-0.734548,-0.0032436252,0.06977855,0.3668784,0.9329762
61,1.4143155,0.38410938,0.8801938,1.423054,1.5986586,-0.29021072,0.7708678,-0.34499574,0.017932296,1.1528336
62,0.27521473,-0.08317974,-0.123208985,0.11793152,-0.18133879,-0.41206205,-0.09981938,0.4719953,0.05399692,-0.3344751
63,-0.4813854,0.70120764,0.5185912,0.2411749,0.43203518,-0.15368375,0.4205151,-0.120514296,-0.39511356,0.27146202
64,0.46385217,0.1575866,0.6385157,0.9148867,0.5634881,-0.34669697,0.29398915,-0.36338186,-0.4326781,0.6731719
65,-0.47076744,-1.2545042,-0.65794605,-1.2295545,-0.9561024,1.2000396,-0.85404,0.12488808,-1.0575569,-1.310186
66,0.02576366,0.07540041,-0.21196343,0.046604097,-0.33411562,-0.5858829,0.18671587,0.9490389,0.51077276,-0.41542724
67,0.45763564,-0.19861847,-0.102959946,-0.1555772,-0.40362504,-0.3672559,-0.2371079,0.00044183433,0.13761413,-0.4317048
68,0.3100806,0.24916372,0.117825374,0.40362746,0.42179576,-0.73358244,0.5212107,0.5778304,0.50754994,0.36689025
69,0.08649212,0.08665694,0.04975766,-0.08717553,-0.24929929,-0.62272096,0.3118034,0.37920278,0.37872726,-0.14889857
70,0.70488256,0.3548402,-0.009810671,0.6640303,1.441369,-0.4408124,0.7122234,0.52476144,0.47675985,0.10763425
71,0.84236646,0.076789156,0.33329973,1.275261,0.4084253,-0.6817478,0.24458876,0.4357261,0.35933238,0.98829037
72,0.5573221,0.48727304,0.27827108,1.1185328,0.08272013,-0.8167499,0.8045472,1.0302125,0.40625757,0.90771544
73,0.43005878,0.1562728,0.005129054,0.49469674,0.10352087,-0.26505792,0.59387267,0.66938496,-0.33389148,0.053727325
74,-0.070223644,-0.016105115,-0.22006954,0.24232556,0.45864984,-0.0062551796,-0.06561021,0.19644375,-0.59485584,-0.23721796
75,0.41613263,0.003555201,-0.039086536,0.17612785,1.5278975,-0.19063717,0.5315809,-0.2539335,-0.10267833,0.007261604
76,0.64339525,0.45202655,0.42191136,0.84663594,0.3004609,-0.51654506,1.0794524,0.3804857,-0.06722501,0.64155823
77,0.52912855,0.67781776,0.54449236,0.98246807,-0.08586055,-0.57526803,0.781247,0.38645726,-0.0723089,0.9737827
78,-0.9200152,0.1763139,0.46351308,0.022323243,0.00076916814,0.20706454,-0.9787564,-1.7250171,-0.27974704,0.58469146
79,-1.0004758,-0.42713946,-0.16459425,0.014315277,-0.24009371,0.32362822,-1.4096485,-1.9144098,-0.29784,0.5045047
80,-0.6335957,-0.041130465,-0.4791907,-0.2017669,-0.8527031,-0.72557044,0.017800063,1.2464665,1.1162,-0.8731176
81,0.59142756,0.6166399,0.9161386,1.3637882,1.029202,-0.6205523,0.38963833,0.042750046,0.25267994,1.1964852
82,1.4153018,0.22113764,0.6885878,1.077281,1.6247154,-0.27821594,0.55015767,0.18553214,0.09720194,1.0869612
83,-0.5277286,-1.1189263,-0.6897428,-1.2782867,-0.17748103,0.9131787,-0.74653804,-0.18617806,-1.0039127,-1.0061071
84,0.01630339,-0.5707836,-0.45573092,-0.6427215,0.4795473,0.28953835,-0.39765716,-1.1489788,-0.7579315,0.0034445748
85,-1.2530092,-1.909462,-2.3761208,-2.1311102,-0.78192806,2.1823099,-1.9195485,-1.85069,-2.1843848,-0.8591316
86,-0.12809671,0.14172913,0.25702566,0.5847873,0.24893528,-0.072110325,-0.78855705,-1.4563699,-0.62181765,0.7452678
87,-0.5413921,-1.0779278,-0.66811866,-0.97563684,-0.8462645,0.38911697,-0.42069185,-0.1634496,0.0075891614,-1.0742778
88,1.2134278,0.55773926,-0.21562637,0.2713588,1.1049948,-0.9582709,0.8189055,0.40113097,2.0380664,0.38769966
89,0.69973624,0.14473683,-0.33324015,-0.39462256,2.0417962,0.1372706,0.6813563,-0.61851364,-0.2047956,-0.16638783
90,-1.1108555,-0.86814576,-2.0541828,-1.2203214,-0.9382707,1.9212195,-1.5368413,-1.548829,-2.2965245,-0.51650417
91,-0.52095497,-1.6918263,-0.7337505,-1.8975006,-0.5080677,0.79577386,-0.2368138,-0.6246968,-0.31300777,-1.1121801
92,-0.44881976,0.120226055,-0.3890171,0.07656485,-0.85040057,-0.19974557,0.9163158,2.0233557,1.0529516,-0.6791763
93,-3.6384714,-2.9398148,-1.3512897,-2.105625,-3.6497457,2.6775465,-2.0080006,-1.6556214,0.048020303,-2.214116
94,-3.8587234,-3.7790675,-3.3631752,-4.0901976,-1.9084389,4.645757,-3.0230422,-2.6302488,-2.9019732,-2.4126942
95,-1.6326834,-1.848248,-0.93976283,-1.4408007,-1.4818436,0.7088145,-1.015302,-1.0719372,0.38451958,-1.3754312
96,-0.70209795,-0.37707233,0.14863817,-0.7128631,1.5959048,0.8363416,-0.28463608,-1.9346669,0.23905182,0.15223408
97,-0.80521417,0.13682929,-1.5125281,-0.33268636,-0.667384,1.1637892,-0.8814001,-1.8767523,-2.1708434,0.068266496
98,-2.8126075,-0.74342144,-1.8298106,-0.80766976,-0.6870562,1.5667013,-2.031866,-3.308426,-1.8560517,-0.10422879
99,-0.48769212,1.6647234,1.5081031,0.20154037,1.3951232,-0.066933125,0.1979093,-0.29132596,1.6292915,1.351276
100,1.1114442,1.2857773,1.3801712,0.64046943,0.7883074,-0.84760463,1.0074604,0.3303209,1.5136001,1.6184919
101,2.0429192,0.62283623,1.2255597,1.2471586,0.7020459,-0.3643313,0.78005695,-0.69077754,0.2964626,1.6669276
102,0.08975509,0.16554362,-0.27528274,0.37774366,0.33322373,-0.3503457,0.3349813,1.1341383,0.2854272,-0.5567871
103,1.2023236,1.4336538,1.204175,1.0414784,1.7659628,-0.4732935,1.4700005,0.21614487,1.1497104,1.2663012
104,-0.108767085,0.8343464,0.028656527,1.4510238,-0.79035044,-0.80920136,1.557407,2.4133296,0.83380646,0.7954208
105,0.5716221,0.6700341,0.8309492,1.9733773,0.31096408,-0.8314616,0.75940776,1.1977526,0.5644929,1.72948
106,-1.0353189,-0.31376857,-0.6616801,-0.6654811,0.16151392,0.7058712,-0.6901432,-1.6750268,-1.3147917,-0.04007498
107,1.8123726,0.024716824,-0.3049667,0.9189989,1.5766159,-0.36172986,0.9491693,0.5901785,0.40255052,0.28341922
108,0.7798871,0.47608286,-0.07656729,0.22617902,0.8059771,-0.7944943,1.0283177,0.4645477,0.95146805,0.14483117
109,-0.14174631,-0.59023863,-0.8617364,-0.55422795,-1.4959958,0.9430206,-1.2104188,-1.0020478,-1.0399731,-0.28800744
110,0.046146438,0.15390779,0.020617098,0.06897372,0.17538455,-0.33922783,0.46133623,0.3315916,-0.12247151,-0.12545133
111,1.249707,0.86541456,0.5438298,0.8207615,1.3382548,-0.36711857,1.3271948,0.1308624,0.50689155,0.3968508
112,0.73262435,-0.25722632,-0.059275776,0.36043632,-0.6490948,-0.3692607,-0.18140674,0.059542373,-0.32998875,-0.033859096
113,-1.7897121,-1.588481,-0.9009353,-1.0578628,-2.2511413,1.304886,-1.3931093,-1.2368205,-0.40985742,-1.280682
114,-0.19493693,-0.87759966,-1.0269189,-0.43321806,-0.31801122,0.08783659,-0.9345281,-0.352673,-0.056875855,-0.7030524
115,1.2380638,0.4172187,0.24353823,0.49511027,1.3137105,-0.4485374,1.1940391,0.19646405,1.1283736,0.16807562
116,0.12911706,-0.32644606,-0.5148516,0.294067,-0.44667816,-0.103601396,-0.7755655,0.6275251,-0.21544394,-0.7383225
117,0.86186177,1.5134399,0.8625386,0.8833404,1.3462597,-0.22227953,1.1701847,-0.4472716,0.21635687,0.86315966
118,0.94287187,0.20233268,0.17637771,0.6328118,0.86207616,-0.30955273,0.86278975,0.034378335,-0.17658493,0.246061
119,-0.41375482,-0.402199,0.026020736,-0.81810397,-0.17391457,0.1033037,-0.094934575,-0.29831362,-0.43887943,-0.33393195
120,0.20597295,0.31333393,-1.4360337,0.37473354,-1.4244273,0.00272426,1.8585056,-0.23539093,-2.1909387,1.6593033
121,-0.05329214,-0.2859342,0.5975915,0.47122645,1.8543146,-0.2573397,-0.7088157,0.24332064,0.6292822,-0.080572665
122,-0.15557095,-0.65808934,0.67124254,0.3525101,1.1678158,0.22312564,-0.34180808,0.30859512,0.3736449,-0.67909986
123,0.28163797,-0.18757012,-0.5634861,0.09784685,-1.0089158,0.28727016,0.6024562,-0.17335841,-1.4494104,1.0739754
124,0.21515583,-0.30805153,-0.07013143,0.26604939,-0.5354051,0.032284647,0.3976963,-0.20474362,-1.1153526,0.12271446
125,0.5834708,0.49145508,-0.08861288,0.71292907,-0.5746787,-0.35899445,0.61897504,-0.7033227,-1.2060013,0.36677122
126,-0.41715163,-0.27051893,-0.45569822,0.10209097,-0.78224427,0.3546393,-0.3130179,0.9365873,0.5239567,1.0363106
127,0.4227069,-1.2005095,1.2793279,0.16260391,0.81930196,0.25359395,-1.0122439,0.60777086,1.1768804,-0.54085255
128,0.5503419,-0.8157047,1.4115067,-0.2734946,0.81933427,0.79308283,0.2617835,0.56340337,0.26275772,-1.0047036
129,0.32482862,0.43890107,0.92899746,-0.3829968,0.4296885,-0.18613377,-0.36188072,0.07779511,-0.17220825,-0.15116705
130,-0.36010188,0.020429656,0.63151705,-0.57934797,1.1482728,-0.4165562,-0.4023257,0.3867832,0.3402332,-0.024537832
131,-0.070125714,0.03396243,0.8276279,-0.86573935,0.9571147,-0.075992286,-0.29161194,0.36186376,0.07607919,-0.31259924
132,0.49892217,-0.14660592,0.25250673,-0.09651402,-0.632922,0.46101543,-0.101353884,-0.49088457,-0.8572513,0.58948064
133,0.110226616,-0.5882866,1.269783,-0.34029192,1.355123,0.054970294,-0.19358796,0.7472166,0.6173336,-0.6996467
134,0.08416538,-0.17281845,0.19159421,0.39904606,-0.24673605,-0.061561495,0.15694699,0.0743253,-0.47759238,-0.66834754
135,0.25330108,-0.8416158,1.1711171,-0.4622872,0.85513365,0.43321797,-0.54707944,0.53918403,0.50819,-0.5932715
136,0.2539369,-0.09900444,0.88474876,-0.20215356,0.1481991,0.35832438,0.10578558,-0.015997916,-0.3938405,-0.54036546
137,-0.34016156,-0.5795466,0.5550506,-0.63905,0.12979953,0.36791146,-0.3416171,0.43911737,0.25520098,-0.27367926
138,-0.67784184,-0.12481653,-0.20387581,-0.16013524,-0.25753725,0.25132766,-0.25259995,0.34970215,0.1045216,0.49609697
139,-0.19738603,0.39286518,-0.50584805,1.2459338,-0.6970461,-0.14633384,-0.24935143,-0.50790715,-0.1920324,0.8167515
140,-0.69971097,-0.22589466,-0.79328644,0.20770556,-0.11939186,0.41132987,0.03770867,0.6137181,0.17964324,0.5939756
141,-0.33162552,-0.17404558,0.03262244,0.2383013,0.06471263,-0.10366991,-0.8053382,0.13496315,0.25737703,0.34810597
142,-0.8248984,-0.49584657,-0.7910212,0.08286287,-0.29135245,0.12923446,0.33234325,0.27995625,-0.410302,0.44589734
143,-0.5618498,0.0060164407,0.19210285,-0.727852,0.48750794,-0.1695709,-0.007705629,0.058221333,-0.12565544,-0.20413719
144,-0.4166271,-0.54399645,0.6347171,-0.7079331,0.31797123,0.3101563,-0.34980237,0.35541248,0.34093148,-0.2666697
145,-0.34064364,-0.48280108,0.4618377,-0.22923619,-0.2913076,0.3076085,-0.66283244,0.28280818,0.2584347,0.16061185
146,0.23846729,-1.1645807,1.2783923,-0.5860859,-0.04941222,0.7293156,-0.37767002,0.6214694,0.6840482,-0.5938444
147,-0.16611518,-1.0385864,0.5039281,0.10695809,0.011909172,0.5671451,-0.4225938,0.7272352,0.46591163,-0.37369466
148,-0.7428613,0.40291137,-0.23377576,-0.46285653,-0.0031548142,-0.08105227,-0.11501554,-0.04059863,-0.028699592,0.34183776
149,0.43680137,0.059412062,1.3307068,-0.83305776,0.73434615,-0.012503922,-0.2835747,0.3450953,-0.03961,-0.4822697
150,-0.13361105,0.36839175,-0.36967385,1.0656466,-0.5430032,-0.15135852,-0.11274877,-0.61144465,-0.49835318,0.8485664
151,-0.5453408,0.48524225,-0.6982887,0.97728103,-0.1637813,-0.20490667,0.61822855,-0.51132727,-0.6427591,0.327781
152,-0.3098796,-0.020371936,0.44820803,-0.25406873,0.96124935,-0.20553097,-0.5717939,0.2896782,0.41389704,-0.13155185
153,-0.4237839,-0.7851912,0.42531598,-0.69451624,0.18901701,0.5346204,-0.40316814,0.64768654,0.5173009,-0.11349447
154,0.2196015,-0.65104604,1.1851668,-0.45969868,0.57936263,0.40564755,-0.29476002,0.49639767,0.34423894,-0.8072365
155,-0.37117907,-0.1807133,0.20468548,-0.24848777,-0.1022376,0.32550222,-0.36225677,0.13227975,-0.020839527,-0.080869645
156,0.39044905,-0.34477237,1.3678768,-1.2670987,0.79202116,0.22291222,-0.48588094,0.76780045,0.4637112,-0.43620062
157,-0.71783274,1.0894433,-0.67379004,1.4501523,-0.31101012,-0.2867439,0.77455485,-0.803905,-0.6314869,0.68413746
158,0.021166235,-1.1294278,0.7894745,-0.4135328,0.6975216,0.3599191,-0.5082214,0.64868087,0.6041187,-0.41824073
159,-0.19691876,-1.1406277,0.63826835,-0.5836499,0.32317877,0.6423019,-0.030733258,0.6702121,0.47901613,-0.4909017
160,1.6199822,-0.38542336,0.8771935,-1.606088,0.21144573,0.99104786,-0.4916715,-0.10734412,0.45463747,-0.77813697
161,-0.07211752,-0.21841522,-0.84676266,-0.046355486,-0.055824637,0.071671456,-0.083094925,0.2970033,-0.18464994,-0.33954453
162,-0.012956336,-0.34813374,0.9454611,-0.38653058,-0.19779716,0.21353038,-0.81037784,0.41113162,0.26672304,0.16790225
163,0.557664,-0.36862952,0.8608816,-0.8880129,-0.03864923,0.7391402,-0.22938107,0.13312766,0.021893293,-0.33044595
164,-0.5176153,0.9367643,-0.86509,1.5448707,-0.81407577,-0.4300746,1.0725325,-0.84921306,-1.044601,1.1227491
165,-0.4584394,-0.14292544,-1.0487292,-0.1815351,0.16257082,0.34555042,-0.07065493,0.80099386,0.33264393,0.121598065
166,-0.059156254,-0.10287378,-0.33074826,0.15175727,-0.01453276,-0.14643309,0.16029736,-0.08702535,-0.38716972,-0.7397383
167,0.3451808,-0.37051725,-0.61274374,-0.68066347,0.48438853,0.33594435,-0.5509131,0.5211703,0.37378776,-0.48142493
168,-0.28419614,-0.041792758,-0.47381464,-0.14690226,0.5003582,0.12815017,-0.28782204,0.3030698,0.0361616,-0.24246947
169,1.1206262,-0.38942713,-0.2267451,-1.0839461,0.052000895,0.4518367,-1.1922637,0.097284,1.0413759,-0.734656
170,0.59395707,-0.7412887,-0.20987178,-1.0499331,0.37587917,0.69669056,0.0009690225,0.67448753,0.24003756,-1.0202235
171,0.41356593,-1.05153,-0.16646649,-0.5524863,0.32318187,0.89482164,-0.34938923,0.83490723,0.49684906,-0.6136662
172,0.24422054,-0.49724984,-0.38949317,0.036752924,-0.11152763,0.4981936,-0.6523378,0.21364781,0.17178646,-0.35239404
173,0.16319714,0.31831127,-0.21078064,-0.2749765,-0.4486997,0.2624692,-0.4051362,-0.10383481,-0.1357603,0.3097372
174,0.8930286,0.2766304,0.27289495,-0.6321077,-0.2244874,-0.060277015,-0.8926749,-0.04556654,0.6344607,-0.13452546
175,0.53277683,-0.6567064,0.039442167,-0.476098,0.14966653,0.68947315,-0.58602595,0.39232737,0.47024322,-0.84001994
176,0.35744166,-0.9064771,0.74545586,-0.30792773,0.09927632,0.98238814,-0.287979,0.624658,0.44067,-0.7226189
177,-0.5029773,-0.16866213,1.4526649,-0.5669834,0.09009348,-0.7783302,0.22123739,-0.37939933,-0.90449417,0.15347755
178,-0.70589733,-0.13413215,1.2377839,-0.3810866,-0.26542932,-1.3393378,0.68959916,-0.64572656,-1.0034676,0.18580127
179,-1.1394072,0.23551755,-1.4135904,-0.31549537,0.4200318,0.27232096,0.37442598,0.8432108,0.67588377,0.5274146
180,0.6319668,-0.72306865,0.9913929,-1.1250621,0.33541322,1.0203983,-0.6629747,0.6171276,0.6972667,-0.7471744
181,1.592156,-0.44145745,0.82375425,-1.6444161,0.24136879,0.8791263,-0.22202112,0.07451152,0.31681126,-1.2035868
182,0.10017072,1.4842103,-0.4914611,1.2338057,-1.0504835,-0.65162265,0.49790826,-0.8778629,-0.75152993,0.93184453
183,0.41987318,0.8090909,0.62822604,0.3786112,-0.31441012,-0.58869696,0.1517475,-0.60285616,-0.7040609,0.063163966
184,-0.33027887,1.7388524,0.21214321,2.190814,-1.8282139,-1.8724225,1.7345015,-2.4081807,-2.057078,1.8691615
185,0.060352787,0.19447444,1.5642827,-0.6159969,-0.116928354,-0.46459177,0.39102927,-0.26360843,-1.0032768,-0.07785112
186,-0.9769199,1.2175032,-0.7426304,0.97746086,-0.3034354,-0.24057147,0.9393492,-0.80245405,-0.3885471,0.61694497
187,0.99744725,-0.39134598,-0.81503457,-0.94039714,1.6826591,0.1607481,-0.93187046,0.5591387,1.3021848,-0.59520483
188,1.9817393,0.40176356,0.3639096,-0.64628476,-0.4320488,-0.2701678,-0.9363996,-0.9151833,0.50813556,0.063876614
189,0.25367457,0.57241535,0.25617492,1.0160761,-2.074054,-0.8023913,1.1706458,-2.0896995,-1.8039155,2.3871713
190,-0.59106535,1.7584976,-0.7410966,1.3437817,-0.31036848,-0.66205394,0.71438885,-1.1360925,-0.17308563,0.40441817
191,-0.6573957,0.42876726,-1.9373782,0.33569592,0.011225522,0.62661475,0.113197,1.721134,1.0816416,0.86452
192,-3.7984312,1.9823519,-0.86131865,2.5830479,-1.2328205,-2.7444878,3.5964372,-2.108397,-0.93453336,2.6939719
193,-1.9896709,4.3884397,-0.3644584,3.713255,-4.2036443,-4.5774016,3.825815,-3.3513193,-2.0902758,3.1850271
194,-2.5199952,1.6104696,-1.0424138,1.0824862,-0.32110995,-1.190423,2.3156815,-1.695878,-0.5928187,1.1471694
195,0.7211265,1.7776556,1.6122792,-0.28529412,-0.05149387,-1.5982145,-0.25902906,-0.24303159,-0.2909971,0.01891011
196,-0.030921072,0.03397785,1.418354,0.5368124,-1.5902739,-1.059522,0.9114578,-1.8946453,-1.8461133,1.6646941
197,-1.0180209,1.2269478,2.1251187,0.44285962,-1.9896725,-3.2747314,1.1680797,-1.5057616,-2.121622,1.6456405
198,0.33495575,-0.26704657,1.6193576,-1.1769814,1.8606293,-0.64276445,-0.89440525,1.214551,1.1571494,0.053750053
199,1.1636816,-0.7922421,0.5996668,-0.9616144,2.5289516,0.2743627,-0.9637265,0.8277972,1.704612,-0.7301381
200,1.6351866,-0.9945874,1.6226823,-1.187103,1.0001699,1.4751981,0.0504615,0.35005352,0.41371983,-1.4212164
201,0.32386112,-0.10963473,-1.2247059,-0.63395894,-0.47924215,0.4141707,-0.55311024,0.5811709,0.45219302,-0.12828551
202,1.3094277,-0.6597048,0.5666297,-1.4897867,1.2798189,0.8680626,-1.2211891,0.5656377,1.6019171,-1.1355715
203,0.34536016,-1.8291882,-1.0173845,0.1917052,0.401942,0.98998725,-0.21096142,2.6947145,1.4310814,0.038812183
204,0.8075029,-1.5502411,0.54784495,-0.9642441,0.25911927,1.3605894,-0.4082269,1.6521832,1.0802869,-0.82060844
205,-0.16675147,1.0468159,0.93305236,0.25324303,-0.8782741,-1.4910134,0.29575166,-0.6839975,-0.9718682,0.3064685
206,1.6815414,-0.43639123,-0.924716,-0.9153329,0.09508051,0.28109738,-0.58025295,-0.07084802,0.6678273,-1.5836793
207,0.69251186,-0.51975363,-0.7529426,-0.689883,0.62598324,0.25535214,-0.5107063,0.38584375,0.5855957,-0.90267074
208,-0.34870526,0.24236481,0.13690343,1.0627463,-0.74696356,-0.64426994,0.6255835,-0.95900786,-1.2692852,0.7374324
209,0.08870958,-0.12859593,-0.4240172,0.0024368763,-0.028122291,0.24145457,-0.7057633,0.040564522,0.26462764,-0.17522381
210,1.3469737,-0.58698624,0.19050997,-1.0068926,0.88317895,0.5695791,-1.2375278,0.24137616,1.3205019,-1.068731
211,0.1837749,-0.528935,-0.26274207,0.3060862,-0.31759316,0.11715111,0.27113482,0.45582783,-0.5494704,-0.64389604
212,-2.0988994,0.2624765,-0.16620743,1.3315072,-1.0547305,-1.7846649,1.7508234,-1.7548441,-1.4869218,1.563319
213,-0.4315234,0.78000265,-0.8255327,0.29330274,-0.48081553,-0.3479555,0.8645443,-0.48329175,-0.8596429,-0.05039704
214,1.1829466,-0.37247527,-0.15762183,-0.93549156,1.0196773,0.38536534,-1.0358,0.019213088,1.1212626,-1.1603483
215,-0.12072432,-0.30204242,-0.9999494,0.12073158,-0.5599294,-0.052574903,0.62021196,0.2534814,-0.9206115,-0.119898394
216,1.5952536,-0.6506844,1.4431112,-0.958042,0.6080238,0.7710366,-0.9620819,0.48084354,0.9373361,-1.0954479
217,0.90730894,-0.3073863,-0.017068177,-0.50074,-0.08413787,0.45780236,-0.63823044,-0.29523203,0.32352465,-0.6760845
218,-0.45346028,0.4557495,0.26286238,0.4916014,-0.222428,-0.3748645,-0.12618056,-0.41493034,-0.34464082,0.197359
219,1.0913813,-0.98026043,0.69403374,-0.28030503,0.20888783,0.7071752,-1.003832,0.19948241,1.0193903,-1.0074413
220,0.17919473,-0.099820346,-0.48296082,0.49902242,-0.056804553,0.19311437,-0.4694105,0.13924068,-0.14302897,-0.13341208
221,0.4873141,-0.36590183,-0.66653836,0.11366956,-0.05526744,0.45696494,-0.7314197,0.40986112,0.31660306,-0.4871894
222,-0.51176214,0.2928568,0.9260481,-0.7199331,0.056718633,-0.85553145,0.12813053,-0.06565332,-0.59924847,0.087976374
223,0.7616459,-0.19699752,0.109925985,0.096869186,-0.13760197,0.3003043,-0.26239496,-0.14739361,-0.06663102,-0.97731817
224,-0.708864,0.67328316,-0.6321169,0.48532537,-0.08046405,-0.06145832,0.33346662,-0.6429822,-0.25814638,0.17065121
225,-0.6928102,1.095491,-0.78714097,0.52920485,-0.17697375,-0.15910164,0.45533726,-0.7422843,-0.15059431,0.16750035
226,0.1772372,0.4463737,0.6488155,0.44064355,-0.87162524,-0.6354414,0.44691488,-1.0913944,-1.1683656,0.37041235
227,-1.3494203,0.8492937,-1.2283962,0.5939198,-0.97989094,0.13721189,1.5242492,-0.43989444,-0.85711646,1.2359312
228,-1.1006008,1.9035231,-0.8276069,1.6092399,-0.88778895,-0.837253,1.786892,-1.3920839,-0.7649318,1.188445
229,1.1077783,-0.9519571,-0.068363495,-1.1143556,1.6513649,0.8002503,-1.1182281,0.6818266,1.5783916,-1.0879841
230,-0.37143314,0.31531787,-0.91568244,0.81295943,-0.20533459,0.04128903,0.44502595,-0.25400406,-0.58844745,0.023305267
231,0.3986907,0.9288216,-0.5940982,0.25495642,-0.017900333,-0.2558199,-0.220596,-0.49440208,-0.061858416,-0.32489496
232,0.14008917,-1.3563063,1.1115406,-0.5563705,0.38603127,0.7544208,-0.4684461,1.2226039,0.9304545,-0.60875267
233,0.4656006,-0.5332436,0.452972,-0.11805713,0.61805654,0.51913625,-0.43808654,0.092173345,0.45306355,-0.9640107
234,0.036513567,0.24912326,-0.42460316,0.37277353,0.015653491,0.13516554,-0.57683414,-0.092609525,0.059328258,-0.058482975
235,-0.47261316,-0.20187466,-1.227932,-0.13578752,-0.19783771,0.27303517,0.22824869,0.67992747,0.019971162,-0.13748623
236,-0.78445375,0.4577883,-0.8646556,1.3097577,-1.0568775,-0.8852278,1.7287148,-1.2255698,-1.6946923,1.1285311
237,0.26269287,-0.21565041,-1.4153333,0.038925573,1.0122185,0.021903157,-0.27211055,0.046118677,0.3354705,-0.8254654
238,0.025595129,-0.71683866,-0.14872155,-0.427855,-0.009584218,0.71103525,-0.49690282,0.7898824,0.48718923,-0.17817302
239,-0.33346158,-0.3265341,0.49636322,0.30933708,-0.13141285,0.012425512,-0.6950662,-0.004174292,0.06533614,0.22060886
240,0.42837206,0.085998,-0.06987156,-0.2962156,0.5063113,-0.33098298,0.048550166,0.22091302,0.20060618,-0.14353001
241,-0.3489368,0.6044565,-0.06876646,-0.5578274,-0.015383124,-0.3102644,-0.39710343,-0.89588153,0.8706147,-0.6490338
242,-0.31252638,0.27685055,0.6111688,-0.27841273,0.09332605,0.14559345,0.5179881,-0.04274434,-0.12093668,-0.14776689
243,0.32900706,-0.06335724,0.03310898,-0.7400471,-0.12020755,-0.30155057,0.81500435,0.26590854,0.107973054,-0.050688654
244,0.580135,0.07894373,-0.39041913,-0.43935612,-0.16524307,-0.55302995,0.3556856,0.268492,0.11010568,-0.28279573
245,0.29386458,-0.428883,-0.06258057,-0.941442,-0.6500159,-1.0500848,1.0978924,0.8076684,-0.12903352,0.519034
246,0.24975547,-0.21567342,-0.1458581,-0.61171186,-0.5052452,-0.70117486,0.6513064,0.5597173,0.47540426,0.545347
247,0.035288304,0.45193785,0.15027028,-0.1858125,0.37240595,0.31293833,-0.037267845,-0.2282561,0.11150621,-0.18760836
248,0.19105095,-0.3699219,0.5027609,-0.31578588,-0.018988475,-0.2507462,1.1584833,0.768159,-0.649093,0.12683252
249,-0.41159704,0.17043045,-0.6590102,0.32917643,0.37703604,0.28958127,-1.0659506,-0.28974283,0.049918845,-0.7179395
250,-0.97880673,0.54252195,-0.23077928,0.6348749,0.2917961,0.36971205,-0.90163165,-0.98476005,0.37267387,-0.6065624
251,0.4777334,-0.23513076,0.58175176,-0.4556362,0.7162509,-0.03046295,0.9117578,0.37551367,0.14015128,0.07381244
252,0.53068304,-0.15548214,-0.22017394,-1.0640774,-0.3615771,-0.6504251,0.9795206,0.31676006,0.4834032,0.19220963
253,0.10659355,-0.34359127,0.25318056,-0.7248646,-0.3198086,-0.4556477,1.1419327,1.1609892,-0.15210757,0.44568303
254,0.21815783,0.21561454,-0.037573367,-0.34597754,-0.13182467,-0.35537225,0.25371063,-0.0062868,0.112527505,-0.38924852
255,0.5712757,-0.44620183,0.45929122,-0.9209352,-0.013557285,-0.5249637,1.488907,0.80361545,-0.5259043,0.5294069
256,-0.773903,0.42827815,-0.43857592,0.66587484,0.7917267,0.8976408,-1.1846657,-0.5520989,-0.054876447,-0.6296072
257,0.47040018,-0.31329128,0.2862268,-0.87542176,-0.24662681,-0.41288358,1.320007,0.78045744,0.08492033,0.5671742
258,0.008306563,-0.0483941,0.08530889,-0.9630056,-0.6587272,-0.5119285,1.2804742,0.41512358,0.43859196,0.25892064
259,0.8809527,-0.9564683,1.0114715,-0.49206448,-1.0806758,-1.0712863,0.8293861,0.5558479,-1.1200659,1.0792317
260,0.09456593,0.12167342,0.2779774,0.09224689,-0.40782514,-0.012634039,-0.26543096,-0.2374633,0.62210184,0.08663358
261,0.9882035,-0.08242208,-0.55582917,-0.61392033,0.19668598,-0.9310199,0.40127245,0.43480703,-0.42639464,-0.24794155
262,0.40235838,-0.2014291,0.3092637,-0.61408687,-0.84530234,-0.50865835,0.6430772,0.5557444,-0.8269209,0.23671108
263,-1.2581499,0.7213497,-0.93959445,0.8032074,0.5118475,0.68149674,-1.4822707,-1.195747,0.2107264,-1.3115846
264,0.4015918,0.14185323,0.17624569,-0.21513017,-0.2890457,-0.1296553,-0.21549606,-0.45022523,1.1784571,0.17109403
265,-0.656482,0.05278383,0.36096856,0.40177286,-0.15888332,-0.2437585,-0.21566206,-0.129929,0.21162288,0.09505552
266,0.6836847,-0.51391345,0.46406025,-0.37646803,-0.42844117,-0.18301344,0.060806114,0.400938,0.5941753,0.7093538
267,0.12104982,0.005567792,0.3421519,-0.10395919,-0.021025911,-0.10369688,0.09689259,0.095635235,0.5677044,0.16407633
268,1.328502,-0.6393624,0.7193011,-0.41286603,-0.97491556,-0.17072064,-0.1502744,0.62371945,-0.2726243,0.98343587
269,0.41416588,-0.5241027,0.72076565,-0.3494441,-1.4647489,-0.44675052,0.530439,0.026637435,-0.08814173,0.8474308
270,0.3030968,-0.48390692,0.31396824,-0.7919463,-1.1176069,-0.611834,0.7508925,0.5904147,0.9401825,0.92217577
271,0.53468573,-0.13194174,0.013728276,-0.05230683,-0.614835,-0.30888957,-0.38187018,0.55883235,0.4241855,0.34338015
272,0.55548656,0.25462428,-0.024209216,-0.15824617,-0.30668914,0.2843944,-0.44162613,0.12755352,-0.12846982,-0.40139306
273,0.84983397,-0.59432,0.38162702,-0.32679006,-0.2685513,0.22814474,-0.29309934,0.59119016,-1.0220891,0.19616285
274,0.5172105,-0.50482744,0.32077736,-0.53469324,-0.6953285,-0.63529134,0.3461179,0.8437953,0.18010844,0.8199035
275,0.23091084,-0.27716646,-0.038250238,-0.6138592,-0.8571698,-0.80388415,0.6351707,0.81471974,0.21059223,0.64813733
276,-0.28083047,0.70621616,-0.11862089,0.13327628,0.58260834,-0.027874261,1.3797524,0.07643646,-1.3015006,-0.80607784
277,-0.5922284,1.2083914,0.13435234,0.7871438,0.43649024,0.41378918,1.037479,-0.21198153,-1.2591838,-0.6314179
278,0.08746642,0.30333984,0.26904982,-0.36957803,0.41989297,-0.031660765,-0.3391645,-1.1653886,1.8407058,-0.050622225
279,0.7012615,-0.6255253,0.65076685,-0.8828616,-0.6511533,-0.80326986,0.971653,0.6537084,-0.5243509,0.85732555
280,1.0493331,-0.8368113,1.2540551,-0.4755397,-1.611327,-0.7629967,0.7445405,0.39251453,-1.1276425,1.1176941
281,-0.5875351,0.20449752,-0.8326497,0.52333117,0.31729114,1.515409,-1.2834002,-0.86347735,-0.5213525,-1.223078
282,-0.4360312,0.21189354,-0.24756472,0.71520114,0.28287536,0.7971097,0.013155452,0.4118095,-0.97545433,-0.57882386
283,-1.9320492,1.0117977,-2.6945965,3.018391,1.154695,2.0214667,-1.7198792,-1.1541853,-1.8765986,-2.1679304
284,-0.4102355,0.65087855,-0.0044347495,0.5389133,-0.31726977,-0.0865573,1.045557,0.22140738,-1.6623919,-0.42286992
285,-0.9673135,0.6208783,-0.1842543,1.051373,1.0126642,0.9139529,-0.8893655,-0.9926884,0.60397196,-0.49033123
286,0.77610576,-1.3714974,1.4987937,-0.593973,-0.37951648,-0.35423976,0.5181294,0.4394707,0.73970824,1.0703837
287,0.55784607,-1.1493471,0.17575753,0.094977826,-0.42371488,-0.07471511,-0.7454127,0.6275378,-1.6654907,-0.053486362
288,-1.2474039,1.2393064,-1.9675696,1.7212002,0.47681552,0.9439282,-1.2141948,-1.1443607,-1.0443208,-1.9983816
289,-1.0242873,0.23230319,-0.4860596,1.0325384,1.3373364,1.8755463,-1.1561035,-0.70115614,-0.13295613,-0.8587966
290,0.8530097,-0.027063917,0.20041025,-0.38650033,0.09662525,-0.12958765,-0.61662555,-0.7741238,2.1875136,0.12226644
291,-2.6449714,3.3194692,-2.3951533,2.023933,3.6480453,1.9620405,-1.1336048,-3.240272,-0.27762678,-1.6790209
292,-2.2994418,2.3147662,-4.692711,4.1151266,3.7385,4.422729,-2.6428523,-3.315773,-2.2217462,-3.0907893
293,-1.7941425,1.4304217,-0.37638968,0.8243718,2.0545092,1.6991758,-0.60568494,-2.0685558,0.112148896,-0.6082978
294,0.113272935,-0.4856022,0.033510074,0.8414328,1.0105803,0.55890816,0.47719052,0.35729665,-1.6039499,-0.24859685
295,-0.95954967,1.150577,-1.8402519,1.5508494,0.24710472,0.27021196,0.06408781,-0.54434013,-2.1540394,-1.5428913
296,-1.0405045,1.5457813,-1.8632674,1.5824295,1.7329838,1.1144423,0.6719812,-1.3281728,-3.0973492,-1.5726913
297,1.0064692,-1.0545961,0.7275988,-1.1014354,0.9833092,-0.7177167,1.5949187,0.6698797,-0.30585235,0.21240973
298,0.3317426,-1.9100746,1.5155197,-0.66920114,0.049580052,-0.5537003,1.8960071,1.2876351,0.8131281,1.2446219
299,0.1858029,-1.324946,1.0880878,-0.1334741,-1.4294026,-1.464988,1.6088562,1.0751488,-0.91942674,1.3739204
300,1.1146251,0.123481795,0.17456014,-0.25879437,-0.67859054,0.18829896,-0.85897756,-0.08536136,0.7832632,0.6332629
301,1.2317282,-1.3961915,1.3036256,-0.95484996,-0.697391,-0.9670695,1.0285892,1.0998499,-0.13505659,1.3065858
302,0.8737309,-0.2594376,-0.12333794,-1.0876178,-0.90584487,-1.171126,0.52937436,0.36912698,2.5499678,1.349101
303,0.63016105,-0.5540215,0.06954892,-1.2488132,-1.5824704,-1.4351134,1.3938981,0.68492544,0.9095672,1.1698451
304,-0.40837467,0.71605766,-0.7345113,1.0800427,0.5772319,1.0151525,0.05558245,0.053290248,-1.4822987,-0.9168513
305,1.0018616,-1.2551017,1.0763102,-0.46842867,-0.922548,-0.298464,-0.32709792,0.4982821,-0.3011592,0.7845024
306,0.84440684,-0.77753067,0.85488737,-0.277614,-0.57800895,-0.15514517,0.111331746,0.47061577,0.44345087,0.7794117
307,-1.1505971,1.0956227,-0.99146503,1.1421121,0.31503648,0.052267164,-0.74089557,-0.30165726,-0.5259676,-1.0048351
308,0.5367961,-0.14659424,0.09099696,-0.10405727,-0.15711002,-0.08082116,-0.38915315,0.31037456,0.35568553,0.16103503
309,1.1960545,-1.581017,1.1374187,-0.91564035,-0.45051825,-0.8582705,0.18434128,0.94443595,-0.44482964,1.061535
310,-0.82192755,0.06706567,-0.05999334,0.21344787,-0.46117753,-0.744902,-0.14949661,0.14987838,0.46182102,0.029531017
311,-1.8560532,2.0613043,-1.1818594,1.1116391,1.7884321,1.0128832,-0.88431114,-1.6478077,-0.6372244,-1.2097818
312,-0.69232035,0.60980415,0.24670607,0.22271883,-0.19907627,1.0839413,-0.5854212,-1.1379421,-0.21453416,-0.5590351
313,0.9729909,-1.4756463,1.1158222,-0.5847867,-0.5758178,-0.47036207,0.0026340839,0.6851936,-0.05141467,1.0126063
314,-0.41685584,0.3583074,0.19259441,-0.09464535,-0.80810905,0.053969234,-0.5073659,-1.0892967,0.3770805,-0.5356106
315,0.8808036,-1.2042618,0.5311037,-0.6824416,-0.45043063,-1.5424689,0.72063774,1.2231271,-1.1835859,1.2486056
316,0.43157187,-0.5234171,0.28143537,-0.3257254,-0.6682539,-0.35317653,-0.112665705,0.7620359,-0.38362584,0.46294853
317,-0.38721913,0.5165346,-0.10857485,0.38670862,0.55474293,0.46043795,-0.26812643,0.09391111,-0.33601642,-0.49323773
318,0.5413822,-1.0287888,0.39064127,-0.57435125,-0.653401,-1.201769,0.47626573,1.0464702,-0.38089967,1.0413518
319,-0.042336673,-0.14450367,-0.09316294,0.3325035,-0.20151065,-0.40307677,-0.78182817,0.42620397,0.5766377,0.20276758
320,0.55884874,-0.34856007,0.022903323,-0.022654206,-0.4851641,-0.49114615,-0.67086977,0.6659977,0.43774253,0.56629205
321,-0.32217818,0.8426536,0.037415177,-0.1582925,0.49805808,0.3724305,0.9172977,-0.04229498,-0.79660034,-0.54050136
322,-0.17405596,-0.5041923,-0.11309339,-0.058065355,-0.5602333,-0.1613875,-0.37788895,0.8647887,-0.21963426,0.32710412
323,-0.6899396,0.3044644,0.14530757,0.5541179,0.38202423,0.56905735,-0.61625963,-0.58055747,0.22034003,-0.20785294
324,-0.53870213,0.25049356,0.27498746,0.46989524,0.47742617,1.0648572,-0.68653244,-0.7089485,0.16751476,-0.35054582
325,-0.7386509,0.5512609,-0.73184687,1.0431163,-0.05865988,0.7725624,-0.19790062,0.046474755,-1.0886029,-0.8618643
326,-0.4184819,0.68407017,-0.84507936,0.27507824,0.23909362,0.47301364,-1.1477674,-1.913545,0.9620711,-1.2242637
327,-1.3149023,0.92772096,-0.58582246,1.1092893,1.1378424,1.8012191,-1.4288332,-1.4632367,0.20789985,-1.0638382
328,1.4444712,-1.9557221,1.6341541,-1.1085253,-0.2920332,-0.77075064,0.6519443,0.9498001,0.3705712,1.4810607
329,-0.9408784,0.17617108,0.009672925,0.74869645,-0.15043472,0.21065249,-1.1519487,-0.97051704,0.66966325,-0.25712317
330,-0.22793631,-0.5777582,0.38238066,0.194413,-0.045543566,1.095134,-0.6265069,-0.062365353,-0.22227338,-0.17394534
331,0.31538233,-0.48965415,0.19620629,-1.2501068,-0.71580607,-1.0178922,1.5853684,0.8578504,0.2419662,0.58599544
332,0.17683676,-0.7207293,0.42315286,-0.3361564,-0.33936942,-0.396824,0.48213887,1.116145,0.07198404,0.71118975
333,0.07024711,-0.22595407,0.079552464,-0.0076108277,0.47637552,0.14858706,-0.6792971,0.121274054,0.12637235,0.0058142543
334,0.46093246,0.38721383,0.16889584,-0.26259756,-0.72075063,0.13639781,-0.382378,-0.6098801,0.88825613,-0.11670588
335,-1.7055329,0.90555847,-1.2162137,0.7367048,0.5733171,0.37036383,-1.4467496,-1.6173724,-0.18210043,-1.2042947
336,0.119463,-1.0570246,1.0140575,0.071439385,-0.1426728,0.2519895,-0.19972199,0.04814434,1.0784625,0.6863631
337,0.60682726,-0.058115017,-0.10265218,-0.5291345,-0.64207065,-0.47039467,0.308963,0.40174943,0.62242293,0.4089826
338,0.39207825,0.12445089,-0.25292057,-0.32124898,0.41437697,-0.37196648,0.16729558,0.32224867,0.0380439,-0.25485966
339,0.19217086,-0.14780754,0.430862,-0.3121636,-0.3045609,0.028685182,0.6702507,0.56613576,-0.0377672,0.3294018
340,0.46204647,0.16936478,0.13808477,-0.33844155,-0.28670645,0.023841143,-0.09831452,-0.52598953,1.0488039,0.1008233
341,-0.12992796,0.2874071,0.1143353,0.12870681,0.33852226,-0.115986824,0.25189707,0.3701494,-0.42203152,-0.2544529
342,0.5301565,-0.29904515,0.35646433,-0.54909474,-0.572983,-0.28210527,0.3607412,0.5336963,0.1871353,0.53285897
343,1.0999061,-0.7774006,0.52575713,-0.41809914,-1.0097519,-0.7988746,-0.18805426,0.8628448,0.61591107,1.2612091
344,1.3964539,-0.017782649,0.15393704,-0.353025,-0.025380492,-0.06176105,-0.7680755,0.18017218,0.7392341,0.72181547
345,-0.30578128,-1.4068414,0.04699088,0.18155533,-0.630345,0.18688539,-1.2387223,0.26621842,-0.39184058,0.25442237
346,1.1925001,-0.12963048,0.3991862,-0.22906369,-1.4714606,-0.47974908,-0.21893248,0.18775484,1.4798869,1.2400028
347,-1.1441892,0.9006435,-0.37180203,1.3545879,1.0063616,-0.3964498,0.27176952,0.49132064,-0.64848137,-0.5185075
348,-0.76407075,0.69114554,-0.41218722,0.59916145,0.76896423,0.86782646,-1.0617753,-0.88842213,0.29644346,-0.7285776
349,1.157624,-0.87447405,0.4177975,-0.5980915,0.2106386,-0.3195693,-0.37962642,0.6722782,-0.107678875,0.5383233
350,0.08199343,0.95623845,-1.0106398,-0.5911627,1.2229848,0.030955493,0.7124003,-0.53121424,-0.13063397,-0.78052926
351,0.47080502,-0.9530224,0.68135315,-0.32775655,-0.21834016,-0.14983433,-0.015001766,0.7088883,-0.01921092,0.49934837
352,0.87777305,-0.7813706,0.6931352,-0.49824145,-0.44144958,-0.50614,0.10403548,0.6899436,0.23425959,0.89105296
353,-0.40474606,-0.13780616,-0.32575214,0.47771293,0.21766241,-0.38994676,-0.19638848,0.940769,-0.5338517,-0.11012615
354,0.08601314,-0.5000282,-0.14891987,-0.04537067,-0.26072598,-0.052941263,-0.6889313,0.72781897,-0.18350059,0.14598191
355,-0.9203093,0.48195252,-0.44131738,0.47479707,0.010158852,0.21492504,-1.1319638,-0.8216648,0.16536449,-0.82295394
356,1.0951393,-0.63860583,0.43379736,-0.5221127,-0.68066394,-0.727584,-0.016790949,0.7486898,0.5473891,1.031787
357,0.04190296,-0.14846064,0.51547766,0.21551287,0.11097236,0.82834476,-0.06777988,-0.12521029,0.03795001,-0.090012714
358,0.40830615,-0.045864515,0.29059547,-0.24473305,-0.16473506,-0.04750836,-0.33212692,-0.31850058,1.0454202,0.09135711
359,0.17008814,-0.6025581,0.48865682,-0.121973485,-0.38302568,0.13925548,0.10812496,0.5414279,-0.15259132,0.29202563
360,0.0413294,0.10130836,-0.40476403,0.600989,-0.3613704,-0.32401386,0.8426653,-1.0744506,0.5653482,0.3048017
361,0.41400033,-0.46046937,-0.3145124,0.21103135,-0.119386405,-0.5589477,0.08155215,-0.5797941,0.40710557,0.5749006
362,-0.9745325,0.7510314,0.5922768,-1.4362133,-0.88675594,0.93013334,-0.5903898,0.9211204,-0.65748596,-1.2392293
363,0.013503879,-0.3173706,-0.3171842,0.47901243,-0.14566913,-0.47738087,0.120755315,1.0027097,-0.10042086,-0.30459675
364,-0.2736978,-0.29353434,0.07086134,-0.43156168,0.095575124,-0.27869436,0.043116212,0.3855328,-0.22766759,-0.09310242
365,0.56887245,-0.48197052,-0.62995553,0.59531784,0.7858814,-0.3432274,0.38786352,0.30171597,0.41020107,0.21136744
366,-0.17961553,-0.43804678,-0.15893614,0.23816043,0.27142596,-0.28413823,0.3503304,0.4145284,-0.16658534,-0.08451859
367,0.9683922,-0.35283417,-0.84884834,0.5660493,0.8282478,-0.6274022,0.07733926,-0.094270036,1.1528548,0.40869308
368,1.0319179,-0.6083355,-0.26452625,0.26911455,0.25894424,-0.8156692,0.052123964,0.5379947,0.635916,1.3797346
369,1.0720015,-0.359703,-0.918172,0.73422056,0.45514992,-0.8786726,0.8157705,0.47216022,0.30769545,0.68340904
370,0.38753325,0.14414358,-0.45566118,0.10988286,0.34700692,-0.7220998,0.35639322,0.1715821,0.2945902,-0.098220244
371,0.3288651,0.13685599,0.21833655,-0.11823584,-0.105852455,-0.20947713,-0.30976108,-0.0926215,0.42348576,-0.45447493
372,0.30128366,-0.14199397,-0.29314926,0.43164003,0.6734546,-0.01475662,-0.35503325,-1.0347594,1.1614658,0.14202304
373,0.6232748,-0.22343174,-0.9334736,0.33060962,0.5692854,-0.8068799,0.5796297,-0.2333064,0.43163502,0.68408465
374,0.39254254,-0.31686607,-0.9198148,0.30400828,0.057453126,-0.92025256,0.80247366,-0.2853409,0.11843553,0.9545284
375,-0.1340962,-0.08063938,0.8796747,-0.042677674,-0.77707946,0.2405369,-0.5193207,-1.563315,-1.4097188,0.55082065
376,-0.30139482,0.089874715,1.6463771,-0.1702622,-0.6119157,0.4310238,-0.7750172,-0.9988436,-1.3520191,0.6752611
377,-0.67449796,-0.93637866,-0.21018407,0.5872234,-0.17295787,0.12437281,0.12811518,1.8688164,0.02493654,-0.69406044
378,1.0356915,-0.8924388,-0.6148959,0.99234384,0.06551334,-0.77128583,0.4498908,-0.8689435,0.9805324,1.5618705
379,1.3060097,-0.8965664,-0.9177874,0.16908482,0.41420072,-0.6712036,-0.50568247,-0.8060334,1.3416737,1.5071568
380,-0.34838864,0.96098053,1.1212416,-1.2376988,-0.65764403,1.2963852,-0.82383096,0.02819191,-0.12791921,-1.5189523
381,-0.6755179,0.6897813,0.42613667,-0.686215,0.07491985,0.33685955,-1.1176975,-0.76207435,0.024230486,0.18214284
382,-0.9589657,2.7127068,1.5651064,-2.6845505,-1.5261741,2.2348654,-2.3208957,-0.22270869,-1.1181062,-1.8261148
383,0.05812998,-0.29577655,0.45944142,-0.40844783,-0.65113044,-0.06933832,-0.8009335,-1.3779229,-0.41230482,1.073274
384,-1.4079819,0.4328195,1.0121222,-0.7067006,-0.34087548,0.879913,-0.5903029,1.049148,-0.3203833,-0.9235384
385,0.93736976,-1.4862062,-0.85544544,0.7699568,1.5648547,0.1859447,0.9456785,0.20491847,0.59477496,0.602174
386,0.38512957,0.28109932,-0.29190797,-0.78892356,0.82606983,0.13772225,-0.88871825,-1.4118756,1.9205697,0.057306707
387,-0.28789747,2.1394722,0.78661394,-2.1999075,-1.910584,1.2983001,-1.7220763,-0.77364814,-1.0656232,-1.7065008
388,-1.1157137,0.717466,1.423955,-1.1722233,0.27112842,1.4206355,-0.6674584,0.54233354,-0.2839598,-1.1892419
389,-0.25066423,-0.682904,-0.51941895,1.057302,-0.021963954,-0.17489746,0.51858413,1.945095,0.27718508,-1.5239892
390,-3.4193683,2.1926787,2.468948,-0.8191451,-1.9255381,3.4545624,-1.9638064,1.6399662,-3.3653705,-2.0236695
391,-2.6485846,4.417394,2.753879,-2.9111757,-3.3284113,5.049831,-3.0660062,0.33394903,-2.334827,-3.396157
392,-2.1988435,1.0249672,2.0975142,-0.6819126,-1.0840777,1.7832183,-1.2148792,1.737145,-1.0718619,-0.5828837
393,-0.67421526,0.48869836,0.51637757,-0.09478624,0.22570418,0.9499749,-0.8566086,-1.554079,-0.074291505,0.3832459
394,-0.40725285,1.1667689,0.61586696,-1.4393964,-1.9577551,0.53453505,-2.0033379,-1.6704152,-1.2492623,-0.7064361
395,-1.435342,2.1974854,1.8020501,-0.40482247,-1.8653727,1.6594347,-2.4976053,-1.7855371,-1.7659574,-0.35351884
396,-0.10884482,-1.5553716,-0.25254974,1.8968029,0.10946199,0.114415884,1.4241195,-1.713864,0.78568393,1.1065845
397,0.5988641,-1.6911314,-1.2170911,1.3839302,1.1801273,-0.19302616,1.9152473,-0.53993076,0.94965416,1.8059146
398,1.331262,-1.4179506,-1.4799802,-0.32165933,0.36738545,-1.0613174,0.35406274,-1.3564636,0.57970136,2.2572088
399,0.5680743,-0.26444107,-0.2558292,0.59259355,0.34252855,-0.5473522,0.025867611,0.6985314,0.6848991,-0.9698728
400,1.12726,-1.2049108,-1.4101288,1.1814361,0.8306927,-0.30366135,0.95449054,-1.0380905,1.3881323,1.3484088
401,1.3994062,-0.31094015,-1.7004821,1.498419,-0.08568558,-1.2237824,1.9598931,1.6554154,0.032761298,0.042144373
402,1.647366,-0.34997272,-0.8672832,0.7901554,-0.21865341,-1.3615159,1.5872422,0.21161318,0.25798213,1.1243579
403,-0.81123775,0.9442209,0.7660479,-0.6435899,-0.44978276,0.7190318,-1.2946763,-1.1386551,-0.36496603,0.025687858
404,1.2311186,-0.3673092,-0.7367127,-0.08339443,1.180168,-0.45585722,-0.029969811,0.26231247,1.3657104,0.57830244
405,0.9640803,-0.8625762,-0.72420734,0.49024284,1.2984463,-0.1279242,0.35169673,0.34222677,0.66999173,0.16501646
406,-0.6236067,1.1531683,0.41489127,-1.4466512,-0.8526913,-0.044528008,-0.89214504,0.083656296,-1.3714867,-0.5587449
407,0.26872462,0.074825734,-0.1556849,0.28153855,0.519153,-0.26792133,0.2888372,0.019253895,0.28671134,-0.48770493
408,0.84200245,-0.8173651,-1.2992687,0.88301593,1.1853685,-0.16005251,0.65423024,-0.8256123,1.4157621,0.8007565
409,-0.052400544,-0.0045250654,-0.48881048,-0.4427317,-0.17285618,-0.7801908,0.09399235,0.40427756,-0.43713754,0.05430138
410,-1.3262975,1.5505797,2.0873926,-0.7193299,-1.1208385,1.546173,-1.0322638,0.5824938,-1.9595019,-0.5491364
411,-0.02768439,0.14534137,1.1507268,-0.64935684,-0.5462092,0.22125769,-0.7807139,0.74631274,0.02887022,-0.40368977
412,0.99209124,-0.96255046,-1.0283082,0.56346494,1.529498,-0.11483587,0.576053,-0.3249671,1.0310525,0.7150501
413,0.20551859,-0.21262614,0.30229673,-0.40129286,-0.6184367,-0.3512307,-0.5290099,1.1697737,-0.15780471,-0.4210824
414,0.6916597,-0.79494286,-1.5099726,0.4793691,0.5793408,-0.41448468,0.5324363,-1.6496208,1.5667164,1.405041
415,0.45334595,0.025994584,-0.63474333,-0.0084711835,0.56199074,-0.59653693,0.06907776,-0.33490428,0.7606328,0.33276278
416,-0.7245195,0.5009465,0.48358124,-0.40358832,-0.07389453,0.23576918,-0.3213142,-0.13148399,-0.11351474,-0.25917906
417,0.64554477,-0.33627045,-0.9652408,0.18919507,0.55815285,-0.652537,0.43156672,-0.6544,1.0465164,0.9179587
418,0.2011147,0.19551787,-0.2876846,-0.24889436,0.34464124,-0.5128286,0.47890705,0.25937995,0.009124175,-0.54860145
419,0.69685364,0.14651969,-0.6570815,0.26257005,0.7548548,-0.69758224,0.47285664,0.18828677,0.513757,-0.42436862
420,-0.27173105,-0.27893493,1.070616,0.32865763,-0.3555849,0.27648458,-0.45903683,-0.9100666,-0.58524483,0.4759187
421,0.013582647,0.13010888,-0.3844931,-0.64442635,0.55537987,-0.65008163,0.117758214,-0.35679525,0.34519452,0.22763036
422,-0.8074564,0.02404657,0.59211975,-0.5895897,-0.14397183,0.2880169,-0.27698958,0.57567436,-0.18161862,-0.5762209
423,-0.66238797,0.14126475,0.8430465,-0.63696146,-0.034274846,0.6046132,-0.30297998,0.531865,-0.024541758,-0.74901414
424,-0.7135753,0.63698614,0.35935697,-1.0791522,-0.5912094,0.15254182,-1.5155251,-0.492741,-0.2542305,0.17247139
425,-1.0037616,0.45042306,0.91516274,-0.41487485,-1.5457289,0.8578644,-0.6790942,1.7950791,-0.5016631,-1.4630433
426,-1.6178524,1.0640149,1.6158168,-1.2786736,-0.71842253,1.3726634,-1.037787,1.1733755,-0.8004179,-1.5742657
427,1.1555296,-1.6388054,-1.3223405,0.83840615,1.6829319,-0.04562722,1.2340055,-0.38427758,0.963336,1.319084
428,-0.47041386,-0.18719321,0.26685935,-0.965429,-0.063942045,0.19859412,-0.18300745,1.0675211,-0.26354784,-0.9532421
429,-0.0009050667,0.15686935,0.5821254,-0.7317561,0.64673316,0.18744633,-0.03132069,-0.052928437,0.4401335,-0.46154642
430,0.76153356,-0.51564264,-0.51494974,0.7336102,-0.25921324,-1.0334369,1.6732148,-0.586819,0.03809242,1.490915
431,0.22291495,-0.5412773,-0.963376,0.12545346,0.5987125,-0.5246272,0.5716442,-0.3865441,0.28777254,0.76169187
432,0.059575006,0.14486113,0.29174125,-0.118607275,0.39176866,0.14570308,0.54733235,-0.1721375,0.32337433,-0.8548861
433,0.39421642,-0.2834713,0.22743987,0.34349272,-0.43207887,-0.5918547,-0.26722044,1.2294459,0.2381275,-0.2997975
434,-1.1495318,1.0106621,0.96614724,-1.5682247,-1.3770206,0.56501424,-1.1902499,0.91305894,-1.1653738,-0.96221733
435,0.3585803,-1.1320918,-0.16215016,0.060201287,1.1532491,0.18979755,0.8064134,0.691073,0.22061777,-0.38216326
436,0.76629925,-0.09499146,-0.46961904,0.82858247,0.12726283,-0.7215743,0.5145174,0.48793083,0.12027704,0.37142354
437,-0.16324957,0.5210896,-0.12245317,0.098273635,-0.1893234,-0.093575686,0.78447866,-0.55975956,-0.01962284,-0.106882356
438,-0.12103747,-0.41120398,-0.40760243,0.41036063,0.4643523,-0.28439048,0.21724623,-0.36206812,0.22607079,0.519449
439,0.34694076,-0.21576269,-0.13776019,0.9744157,-0.14427808,-0.36268148,0.12580484,0.92744154,0.17127198,-0.59273976
440,-0.44229975,0.24801183,-0.09206493,-0.16657634,-0.0020645857,-0.04991786,0.24901909,-0.56974876,-0.19922934,0.17515804
441,0.55754507,-0.26289514,-0.5454863,0.61631,0.4564272,-0.51168686,0.09488171,0.0053983256,0.47400796,0.6616151
442,1.1607316,-0.29130483,-0.93552727,0.60558784,1.0694847,-0.54965556,0.6730825,0.08793068,0.94047296,0.28639436
443,0.37610966,-0.5429323,-0.26720813,0.8926938,0.50269127,-0.19470456,0.3585437,0.4049069,0.6448176,-0.91974044
444,0.39255667,0.15227887,0.10368748,-1.1593881,1.3190092,-0.07815318,-0.19953965,-0.0933336,0.8825776,-0.31519863
445,1.730017,-0.24867646,-0.8598808,0.74407357,0.91022354,-0.7559265,0.7238076,1.3112571,1.2277184,-0.00057832897
446,-0.852855,0.31669512,0.3306129,-0.92092204,-0.06194493,0.19443125,-0.8383261,-0.91278446,-1.5111417,0.3810869
447,-1.0300473,0.4771906,0.8671364,-0.5865445,-0.51818,0.71302426,-0.5531262,0.88664424,-0.41558123,-1.0046204
448,0.37981087,-0.5653304,-0.542273,0.72335917,0.86804426,0.06009817,0.5529542,-0.63196635,1.0394292,-0.32726246
449,-0.36097944,0.7022953,0.72178924,0.663856,-1.2674032,0.49542925,0.41887844,-0.2845221,-1.0998852,-0.21111348
450,0.52346,-0.48198864,-0.66249114,0.19328675,1.0551496,-0.32573,0.33811128,-0.14845219,0.5094271,0.37822115
451,0.8424781,-0.4897358,-0.8915318,0.52241284,1.1463045,-0.27446786,0.53375065,0.04068069,0.5968736,0.41558015
452,-0.44677126,0.3308537,-0.26688793,-0.79545754,0.08660975,-0.23103711,-0.0038883984,-0.6547777,-0.05033972,0.17771514
453,0.22400947,0.298688,-0.04132849,-0.3448008,0.73057663,-0.2743201,0.036192268,-0.4250231,0.7149632,-0.4650436
454,-0.34197408,0.28091812,0.36127687,-1.0616744,-0.57075346,0.10280612,-0.57116455,0.7265364,-0.16671672,-0.7342517
455,0.92853886,-0.2525646,-0.94315374,0.7819478,0.91774666,-0.605531,0.63519216,0.22879535,0.70195055,0.27864814
456,-0.15136303,-0.13743345,0.67414,-0.083892055,0.39414406,0.14561406,-0.019335687,0.1122552,0.16459987,-0.30679256
457,-0.106322855,-0.45258665,-0.30565017,0.376547,0.2850615,-0.33676526,0.23809701,0.8723054,0.03559321,-0.3905269
458,-0.0012679845,-0.24144036,-0.390445,-0.19607127,0.76900756,-0.35105866,0.062499106,-0.2826606,0.43717027,0.3173616
459,0.44766444,-0.3836215,-0.09456952,-0.6503961,0.8797199,-0.5315433,0.12062913,0.53082556,0.50984484,0.16897155
460,0.00020873547,-0.34289566,0.69278634,1.1918819,-0.7540606,-0.10555099,0.55319685,0.46674818,-0.16454586,0.46817666
461,0.554311,-0.46533853,-0.24514875,-0.23109266,1.1648916,-0.294876,0.17643213,0.26906285,0.56226,-0.23767631
462,-0.64518017,1.0370066,0.6182038,-1.4228256,0.11473197,0.4892178,-0.7813238,-0.07802724,-0.5388357,-0.46387017
463,0.69916654,-0.8847789,-0.15189177,1.0723448,0.58229697,-0.07912366,0.447424,1.2901253,0.88668096,-0.75727224
464,-0.16512117,-0.124288745,-0.58240634,-1.2845232,0.6096369,-0.423159,-0.040235043,-0.37711722,-0.25425088,0.40860367
465,0.24290861,-0.05742207,-0.20306861,0.7054501,-0.30349025,-0.22603792,-0.097008646,0.7378247,0.110753655,-0.8189693
466,0.7104486,-0.11904159,-0.46290088,0.7957184,-0.20678303,-0.78366804,0.36596012,0.79525924,-0.22313847,0.1159247
467,-0.09276118,-0.1382468,-0.15867423,1.3867097,-0.45851383,-0.5842314,1.7002171,-1.1147656,0.18708852,0.59591097
468,-0.48400795,0.5712253,0.11897518,-0.2478729,-0.22432843,0.019408882,-0.046925217,-0.48934463,-0.122670844,-0.08791313
469,-0.22516401,-0.37981808,0.548103,-0.13780178,0.5760571,0.046326816,-0.3196177,-0.21731387,-0.15964876,0.429833
470,-0.25473538,0.30277932,-0.37441525,-0.05338821,-0.26031545,-0.35236812,0.33810675,0.11431961,-0.41953683,-0.23114069
471,-1.3074899,1.0855826,0.92573977,-0.93167996,-0.5032338,0.535105,-1.0247866,-0.15961912,-1.6776953,-0.50817114
472,0.923001,0.1271724,-0.8639234,0.5451154,0.48313954,-0.63300383,0.7099031,0.69207615,0.7955261,-1.2737683
473,-1.5325816,1.5164709,1.2822194,-1.1641488,-1.5351981,1.2675573,-1.3774767,0.7043832,-2.205255,-0.9382994
474,-1.1199675,0.41478664,0.8463872,-0.5801967,-0.37720308,0.5764191,-0.62653947,0.8076641,-0.5113444,-0.45000505
475,0.7256276,-1.3015871,-0.807218,0.62599635,1.5712229,0.13889098,1.2145119,-0.030555792,0.41896415,0.25598323
476,-0.8251644,0.8286893,0.23569506,-0.34943247,-0.17634329,0.39881137,-0.2222404,-0.52162385,-0.18918546,-0.37636453
477,-0.35110196,0.4189089,0.5056779,0.7588302,-1.0349028,0.2835845,0.35810238,0.6463239,-0.64608,-0.51704204
478,-0.97098845,0.37558755,0.9008071,-1.4901259,-0.98441803,0.6318288,-0.81009316,1.5963694,-0.60717726,-0.9623907
479,-0.63663054,-0.44004282,0.4791115,-0.30642462,-0.20344111,0.23308566,-0.32039276,1.0606861,-0.43954414,-0.29275677
480,0.19170953,0.18951397,-0.4533246,-0.011397928,-0.46909815,1.0735844,-0.72171557,-0.042726606,-0.71254146,-0.61317337
481,-2.415644,-0.14699721,-2.307601,1.5857122,-2.1151204,2.0663412,-2.4389424,-0.9557247,-2.5299711,-0.8895447
482,1.4826455,0.54778534,-1.0843965,-0.24295789,0.26671618,0.029633328,-1.385367,-0.3988431,0.055041343,-0.87724817
483,-1.1625581,-1.1499544,-0.3150991,0.60331184,-0.9766595,0.63218534,-0.45111504,-1.1227548,-0.7575465,0.18030645
484,1.1667373,-0.034386337,1.2987056,-0.9675469,0.91079503,-0.8168338,1.2517892,0.74101275,-0.11846015,1.2260213
485,1.0085402,1.2013384,0.14985868,0.088774025,0.21078683,1.2698168,-0.77011275,0.7242958,0.12103099,0.6635562
486,-1.3332981,0.5714817,-1.2202764,2.4322703,-1.18945,1.5559185,-2.0518396,-1.2230706,-1.4549899,-1.4424895
487,-1.4285847,-0.8221986,-0.64895034,0.18519521,-1.0491304,1.3364277,-0.6565423,-0.6897686,-1.1973257,0.48038515
488,-0.7408656,-1.37887,1.0241702,0.620172,-0.85976976,-0.057594225,1.7751367,-0.70631796,1.3567202,0.7962903
489,-2.4029257,-3.8794167,-1.7361152,2.0724459,-2.7821765,1.8125547,-1.6973093,-3.2276876,-1.9453053,-1.8714478
490,-3.6722198,-3.1299,-2.6128476,3.235129,-3.3679955,4.34452,-4.117868,-2.183283,-2.955859,-1.8526628
491,-1.3078134,-2.1402843,-1.3731214,0.2366342,-1.9389384,1.0100745,-0.54324627,-1.8974566,-1.3138578,-0.4569683
492,0.9644893,0.0009814501,-0.1161682,-0.9151063,0.0004080832,1.983253,-1.0057932,-0.11324377,-0.7494171,-0.75661206
493,0.5701788,0.57377875,-1.4539837,1.7462542,-1.1514368,0.9438317,-1.7926311,-0.7144896,-1.0664667,-1.9488027
494,0.119617835,-1.4630678,-1.8036819,1.0946431,-1.3655276,2.4852514,-1.7069184,-0.38633326,-1.406944,-2.023848
495,1.2056882,-0.62483704,0.93805313,-1.7390797,1.9002202,-0.17153828,0.19341904,1.1203144,0.014955521,-0.63551104
496,1.088598,0.19769281,1.6938653,-2.1122916,1.5694721,-1.1072948,1.343749,1.4947493,0.4798429,-0.12983721
497,2.0205648,1.6963911,0.6682719,-1.7738323,1.0433999,-0.97689503,-0.6856053,0.50690293,1.055208,0.30636272
498,0.0809948,-0.022723675,0.26431656,0.64638406,-0.09074578,-0.34755886,0.49643725,0.34469432,0.8498449,1.4835837
499,1.5651203,0.67354196,1.6137271,-1.5074687,1.6464672,-0.9753528,0.37646306,1.1142406,0.8028999,0.6341814
500,-0.27032673,0.029708713,1.0287172,-0.06209749,-0.6817202,-1.8980694,1.5602182,1.2079966,2.2654362,0.48464456
501,0.6922703,0.4991004,0.15173662,-0.9732722,0.23425154,-2.0633895,0.38387054,1.3061821,1.7773557,0.36469644
502,0.089334056,-0.19707015,-0.5291796,0.5884686,-0.27727127,1.3903837,-1.3912553,-0.26891068,-0.74746424,-0.85843086
503,0.61918396,1.412735,0.68523574,-0.5008016,-0.0054378808,-0.22166406,0.24941514,0.65350664,0.22642887,1.7262409
504,0.6576013,0.3013025,0.8457937,-0.43821266,0.44912627,-0.70107293,0.6578817,0.6761453,0.028002873,1.1003207
505,-0.68499243,0.36613697,-0.6776959,1.2536392,-0.6519779,0.2631759,-0.51020765,-1.0056148,-1.1391969,-1.1616946
506,-0.15805422,0.25448415,0.24383959,0.21258312,0.3134107,0.04936774,0.23583409,0.35493112,0.16301277,0.4302299
507,1.4650177,0.8447213,1.7503942,-0.81877315,1.357172,-0.31784558,0.14629047,0.9415178,0.44626373,1.1128315
508,-0.1964705,0.82661605,-0.25465855,-0.020146847,-0.18125862,-0.32165682,0.5236602,-0.37160978,0.007878825,-0.25242805
509,-1.4096023,-1.7064285,-1.5497926,1.2832055,-1.5030019,0.487845,-1.3024623,-1.7523,-1.5753522,-1.406953
510,-0.62349117,-0.28560743,-1.0558897,0.3608833,-0.576342,0.1645474,-0.3344266,-0.95763326,-0.77691007,0.3906389
511,0.87573856,0.58220947,1.3433684,-0.6459299,0.9542827,-0.38385677,0.51220834,0.7465475,0.05461225,1.0090227
512,-0.3568945,0.25704747,-0.27967486,0.5093314,-0.50689507,-0.4939906,0.20146514,-1.0151303,0.17813754,0.41468298
513,1.2665036,1.6218216,1.0613054,-1.5966644,1.3018353,-0.16338368,-0.38562903,1.0028877,0.95365006,-0.19566815
514,0.39935267,0.97109973,0.50186646,-0.41550213,0.6421784,0.09169965,-0.15161419,0.40603834,0.4367848,0.5040275
515,-0.46978855,-0.20485494,-0.16298044,0.17349768,-0.05632335,0.52832526,-0.27203336,-0.45802113,-0.5020095,-0.37721342
516,0.7630419,1.148356,0.9077208,-0.41751713,0.98493767,-0.3348142,-0.19110987,0.7616939,0.72088116,0.5160972
517,-0.56400794,0.52905566,0.28701222,0.1927185,-0.23243093,-0.060876638,0.5651131,0.2656601,0.14440742,0.2955259
518,-0.16532804,0.6825321,0.5702647,0.251579,-0.19533351,-0.33671355,0.59475005,0.87909395,0.44220185,0.6425811
519,0.6913438,-0.7662786,-1.009026,-0.16941138,0.37218487,0.10875296,-0.55299914,-0.2230608,-0.026403084,-0.8581741
520,0.03237185,1.1792399,0.13423514,-0.2144774,0.042865068,0.015647799,0.32138276,0.2964427,0.10851997,0.1430047
521,-0.6356085,-0.43680474,-0.27312312,0.28615552,-0.30340517,0.31243902,-0.1870158,-0.76753056,-0.53491616,0.24907437
522,-0.75184256,-0.789348,-0.39556846,0.103824794,-0.48988223,0.52191144,-0.22361675,-0.49642527,-0.6962762,0.5687897
523,0.10743983,0.6258638,-0.8891357,0.5839339,-0.6843563,0.79409754,-0.86169994,-0.46523184,-0.96103346,-0.9934313
524,-1.3600001,-1.4159485,-0.9011506,1.6610405,-1.0671511,0.12341219,-0.290485,-2.0068812,0.024521932,0.39067265
525,-1.7643695,-1.5998244,-0.96828496,0.79873234,-1.5815966,1.3127673,-1.1261569,-1.3097744,-1.4039624,0.2954909
526,1.1328564,0.44418848,1.9021845,-1.2094544,1.0868005,-0.80588394,0.8380302,1.1263337,0.34854192,0.8116894
527,-1.1109362,-0.11872932,-0.11691752,0.5174062,-0.91861945,0.07434375,0.19204764,-0.8604228,-0.25569513,0.42021304
528,-0.52134,0.419774,-0.48207524,-0.47893324,-0.32069618,0.72508436,0.0507261,0.04090467,-0.8747515,0.7518114
529,0.56066287,0.34433833,0.30081353,-1.0667999,0.9833673,-0.9557827,0.280938,0.92280775,1.093852,-0.45414758
530,0.29300284,0.68554,0.61497474,-0.9084835,0.58519673,-0.63941723,0.4008137,0.49856418,0.32954574,-0.04268717
531,-0.30454168,-0.020195663,0.06765331,0.42602164,0.43311334,0.43301946,0.068186656,0.092054516,-0.1303888,0.51935077
532,-0.15658857,-0.32562742,-0.1384362,0.47624713,-0.225056,-0.42417884,0.6561621,-0.5860186,0.70966274,0.68517196
533,-1.5514681,-0.38039377,-1.2716572,1.5482008,-1.4294374,0.17148289,-0.9128721,-1.8791447,-1.3282604,-0.6009314
534,-0.05499205,-0.14337757,0.70454943,-0.7265339,-0.2734539,-0.2635702,1.1200882,0.056248903,-0.4013778,1.0624802
535,0.04666452,0.19746003,0.068100154,-0.3144069,0.25315857,-0.9031467,0.33860174,0.72061104,1.0550246,0.15889019
536,-0.2720311,-0.11045164,0.07061994,0.22352988,0.46896175,0.27491122,0.022239894,0.17045456,0.3980586,-0.6246847
537,0.47728163,0.3020204,0.065940395,-0.53643084,0.8535435,-0.3303067,-0.015767217,0.15292582,0.24598992,0.21901438
538,-0.20705761,-0.30749682,-0.2111868,0.35897034,0.035087764,-0.3293574,0.8498374,-0.08621366,0.721496,0.47464755
539,-0.093456365,0.109369874,-0.1413401,-0.26865363,0.227581,0.21181989,-0.22891623,-0.059197277,-0.054377437,-0.5389414
540,0.43499887,0.41546157,0.19080968,-0.41368356,0.7787553,-0.45966053,0.026422799,0.41647643,0.50594586,0.5154903
541,0.57873154,0.5389939,1.4104378,-0.45117342,0.15537952,-0.87134355,0.66651165,1.2636831,0.6028339,1.08075
542,0.2138014,-0.29747024,0.51144516,0.49994653,0.33015612,-0.120838,0.605554,0.58245397,0.51450586,1.2295792
543,-0.17759651,1.4249799,-0.06746709,-0.24376084,-0.25701803,0.7939832,0.22728465,0.58186984,-0.54451823,0.8371947
544,0.2655483,0.43463388,1.1184659,0.062654346,-0.3487299,-1.0832561,0.7936661,1.0517485,0.90652937,1.5573809
545,-0.38382757,-0.071269274,-0.3291078,-0.26707217,-0.31039846,0.4398138,-0.7652279,-0.59589636,-0.57405376,-1.6973006
546,-1.099359,-0.729843,-0.40153232,0.67039233,-0.5890522,0.3969478,-0.395615,-1.1111023,-0.63385296,0.15745382
547,0.4377812,0.24377154,1.3199992,0.18368524,1.0453708,0.35301226,0.22889185,0.9780423,0.24193582,0.9218749
548,0.05847828,-1.369237,-1.2179314,0.73406047,0.12265815,0.18100712,-0.18947875,0.004121661,0.1359326,-1.3707498
549,0.6999121,0.61607814,0.7219399,-0.55237037,0.5709549,-0.39453977,0.24157754,0.33394712,0.06372109,0.73572135
550,0.78681463,0.59027135,0.88707376,-0.4105857,0.6540706,-0.6855456,0.2200779,0.80565614,0.48182404,0.930675
551,-0.051019795,0.7914739,0.1080718,-0.10413495,0.029877245,0.5789049,-0.21492779,0.042593807,-0.1122714,-0.7377367
552,-0.07242048,0.85121024,0.25406933,0.2524603,0.17448547,0.52239174,-0.042732835,0.39306688,0.100040555,0.47710583
553,-0.9161067,0.14115575,-0.3293551,0.839521,-0.5155334,0.16003822,-0.14696664,-0.99517834,-0.5228276,-0.012959147
554,0.4843284,0.4296088,0.9057677,-0.29982257,0.47441334,-0.923749,0.43771654,1.204031,0.78950375,0.87700796
555,-0.08637768,-0.27434143,-0.29803756,-0.32805774,0.10295117,0.5453064,0.10785188,-0.08847959,-0.47704387,0.5299213
556,-0.2397094,-0.24985442,0.24859086,-0.038285315,-0.25283748,-0.23104341,1.128196,-0.42049408,0.34591782,0.58992875
557,0.21431892,0.6673577,0.1904844,-0.4821419,0.3553903,0.04387504,0.08283028,0.001434952,-0.07845794,0.3962308
558,0.05967149,1.0089971,0.057237,-0.47927836,-0.5003935,-0.5281248,0.72308636,-0.105316564,-0.1891575,0.6709981
559,0.67778766,-1.1884127,-0.73344123,0.15016729,0.58086735,-0.40046257,0.69225085,0.0050345957,0.56104517,-0.031617463
560,0.0037355274,0.7033663,0.43433273,-0.32480597,-0.06215471,-0.16075952,0.44560748,0.35803622,-0.15118544,0.7652854
561,-1.1407578,0.44399416,-0.72040474,0.51951474,-0.6661313,0.77463096,-0.59900117,-0.5746113,-1.2925932,-0.31787357
562,0.47840202,-0.63931036,0.5903598,0.075036734,-0.3446666,-0.20549355,1.4155707,-0.15601403,0.5118453,1.8942599
563,-0.12079695,1.2023269,-0.040332615,-0.35540703,-0.25108683,0.19365059,0.28408366,0.11211246,-0.35647836,-0.26325172
564,-0.5116291,-0.16298082,0.104923755,0.61264086,-0.19824687,-0.06114906,0.5664375,-0.18480442,0.70530593,0.57198334
565,0.17015104,0.04584399,-0.112913996,0.037925363,-0.06090063,-0.983092,0.74873066,0.10762489,0.89323515,0.82918227
566,0.023592591,-0.632604,0.6909629,-0.5832284,1.1764052,-0.2585746,0.5642594,0.98252827,1.225208,-0.94434845
567,-0.033924222,0.06219837,-0.42936674,0.2888493,0.10134593,0.27013317,-0.29110065,-0.07533473,-0.089603305,-0.64355385
568,0.24272193,0.13929202,-0.05746883,-0.8618847,0.07899746,0.044315353,-0.16582108,-0.4679345,-0.71122307,-0.018568084
569,-0.70900905,0.26348257,0.18859619,0.25026053,-0.06516644,-0.004623607,0.50677437,0.01313749,0.37498486,-0.6594007
570,-0.9082164,-0.9224646,-0.7903298,0.56970316,-0.7636985,0.61091083,-1.219367,-1.0628248,-1.2275825,-1.3542603
571,-0.3303668,0.03667286,0.9780209,0.60853684,-0.296216,-0.4342171,0.45722693,0.9206193,1.1287706,1.3114413
572,-1.2411973,-1.1494032,-1.4097698,1.5320425,-1.3661447,0.3622692,-1.2491252,-1.8035786,-1.3771317,-1.6426508
573,-0.6231642,-0.8334365,-0.6376195,0.39624834,-0.7653896,0.23500745,-0.46832088,-1.0715653,-0.7738129,-0.15373005
574,0.514193,0.06304738,1.8335695,-1.2620784,0.48913312,-0.808912,1.4930938,0.94881004,-0.21011522,0.6749568
575,-0.58032954,0.042187124,0.03776437,0.60876244,-0.06472266,0.71150017,-0.28901866,-0.23909259,-0.42061397,-1.0163897
576,-0.012429312,-1.3322003,-0.72877014,0.70841485,0.051232636,-0.030722976,0.36794314,-0.28888696,0.2209113,-0.51791644
577,-1.3555114,-0.25398692,-0.74067354,0.93816215,-1.2932792,-0.12696747,-0.43529066,-1.5658503,-0.65579,0.47484675
578,-0.41390276,-0.6609801,-0.12932378,0.17527956,-0.51946735,-0.04808487,0.3577233,-1.0201299,-0.1536137,0.23180968
579,1.3346171,-0.03673643,1.1438879,-0.9483202,0.994506,-0.5835957,1.0283502,0.38164532,-0.36851153,1.3111119
580,-0.10640159,-0.3945479,-0.16012353,0.3975098,0.478028,0.03983818,0.45342708,0.37769824,0.5979677,0.05681856
581,-0.17508715,-0.17500865,0.20378111,0.3702994,0.31917667,0.033946082,0.49400783,0.43776703,0.509531,0.34901506
582,-0.021815106,0.30251235,-0.35694703,-0.6259421,-0.8472436,-0.27441108,0.6084353,-0.48939717,-0.70857584,1.2395266
583,0.4175995,-0.24838677,0.5351592,-0.51023734,0.9710634,-0.89075035,0.6133086,1.1590514,1.0098629,0.31504637
584,0.042073667,-0.13149592,-0.42344204,-0.4841743,-0.046873927,0.26826552,-0.6439018,-0.18814994,-0.26371726,-1.3829511
585,0.17416044,0.10071896,-0.35008064,0.099398226,0.18571782,0.9079661,-0.18767908,0.1964305,-0.40622365,0.5832015
586,0.100124076,-0.21628585,-0.3440399,0.07663518,-0.3420105,1.433801,-0.91438365,-0.07556769,-0.81274444,-0.8547282
587,-0.60031396,-0.5051023,0.4402348,0.32199305,0.43502033,0.23275894,0.24849853,0.23922479,0.5045972,-1.0187455
588,-0.0850179,0.1756161,0.4238383,0.027893275,-0.1464214,-0.9654538,0.925457,0.6550718,1.023871,0.71794116
589,0.4813751,0.4581027,-0.110758424,-0.6169424,0.2292592,0.5715531,-0.41896406,-0.25210235,-0.6348736,-0.098971285
590,0.2347305,0.42388582,0.6222374,-0.21491796,-0.03479868,-0.58465666,0.7309896,0.59872895,0.23178717,0.9329339
591,0.17250441,-0.25685135,-0.15526399,0.21251607,0.76351684,0.012730569,0.22850445,0.3141358,0.21734685,0.4432372
592,0.13096811,0.041397035,-0.032661855,-0.13506219,0.332206,-0.22922803,0.38575345,-0.09329277,0.08245003,0.57193685
593,-0.31522968,1.0497004,-0.107767284,-0.69516003,-0.36250162,0.14071536,0.30918884,0.21475065,-0.60101557,0.47815052
594,0.17551605,-0.793229,-0.5895245,-0.14278078,0.0070677996,0.97469133,-0.4773592,-0.12427601,-0.59411705,-0.73616445
595,0.23664431,0.5919798,-0.04210055,-0.61235464,0.36034638,-0.24472965,-0.28480145,-0.02712664,-0.22170216,-0.23440091
596,0.16109483,0.26734158,-0.21086982,-0.09730029,0.25577918,-0.17496307,0.17323849,-0.28613764,-0.16702574,0.63323796
597,-0.41373885,-0.21518698,0.18449844,-0.24684304,0.24374542,0.07764253,0.007365048,-0.2674659,-0.055307776,-0.66216886
598,0.51949364,0.2477225,0.32407334,-0.31648546,0.9515158,-0.43002737,0.1660335,0.6575741,0.5015836,0.53714144
599,-0.33040982,-0.070071995,0.40738958,0.027942628,-0.26674938,-0.23522533,0.95733297,0.035208434,0.36139345,0.52613354
600,0.32768422,1.0896196,-0.7040392,0.24616498,0.18629828,1.3592863,-1.5930164,1.3925991,-1.3440051,1.8757964
601,0.42285758,0.8605698,0.19525878,0.21198773,-0.9822461,-0.9762077,-0.45284313,-0.9816892,1.4757048,-1.6409373
602,-0.2859656,1.2246823,-0.24458696,-1.5510223,1.1124123,-0.073783174,-0.30438852,1.4377853,-0.8009282,0.30380514
603,-0.34894347,-0.021584004,-1.0478162,-0.7872734,0.99815667,0.4951877,-0.18506563,0.8198197,-0.49597317,0.22110611
604,0.7498054,0.7092406,0.6794266,1.0125034,-0.39994973,-0.715955,1.3209863,-1.3729224,1.1541524,0.0798198
605,-0.46162587,-0.13280779,-0.29152906,-0.42432418,0.19303024,0.0122888535,0.095398575,0.12072778,-0.030750453,0.57852817
606,-1.1712904,0.774663,-1.2485602,-1.1776004,0.7574626,0.50511754,-1.0539637,1.1979256,-0.38480186,0.2566756
607,0.14138326,0.5371445,0.51566815,0.5410053,0.14445537,0.363986,0.7504871,0.06808725,-0.2425397,1.0119228
608,1.4222909,-1.1709938,0.8579168,2.744307,-0.91173416,-1.4446292,1.4230188,-1.5670283,1.4120846,-1.456859
609,1.1549302,-0.18474448,0.59882146,-0.16131812,-0.32383734,-0.5324664,0.989209,-0.14432338,0.3421683,-0.63136625
610,-0.74455804,0.52405256,-1.0519822,-0.9565202,1.2163941,0.9009907,-0.7997161,1.1392175,-0.3200426,0.053944275
611,1.0851841,-0.12835713,0.5982403,-0.17209327,-0.4329499,-0.0916269,0.8767705,0.084628545,-0.33819717,0.5731857
612,-1.5555218,1.698798,-0.6699278,-0.21546605,-0.029006705,0.9320873,-1.4745413,1.862309,-0.5170104,0.26987118
613,-0.61587524,0.93249494,-0.16222227,-0.7091589,0.30330336,0.2035597,-0.33538252,0.9063597,-0.06467497,0.46494177
614,0.05761534,-0.19043088,0.2519123,0.11970931,-0.19735251,-0.061639875,0.37376586,-0.4423032,0.7565839,-0.35835323
615,-1.1397104,1.4359007,-0.4201399,-0.23236299,0.5516625,0.5497224,-1.120945,1.4230435,-0.47163206,0.91260767
616,-0.3801769,-0.10415867,0.13426656,-0.08175188,0.31809455,-0.47763002,0.3624377,0.042505287,-0.14094561,0.8992704
617,-0.45867735,0.49176913,-0.07953977,-0.5532175,0.809507,-0.4617709,-0.26295382,0.16376418,-0.62712413,1.1851058
618,0.47553068,-0.022727236,-0.042474218,0.3809315,-1.2126567,0.6186338,-0.02419269,-0.38629904,-0.21919954,-0.96184456
619,-0.6458472,1.1075671,0.37428546,-0.27140474,0.22909838,-0.010228083,0.2828375,0.45041302,-0.07624644,0.4146672
620,0.14212513,-0.9422182,0.45550907,0.19556588,-0.1688253,-0.6745272,0.8915137,0.123847574,0.4694857,-0.40735653
621,0.13126785,-1.0750324,0.48001945,0.14957207,-0.19526783,-0.99295384,0.77800316,0.28059724,0.35585365,-0.6111051
622,0.6644799,1.2473443,0.10527113,0.027237475,-0.7078582,-0.5932425,0.53339225,-1.1461518,1.6207063,-0.70259225
623,1.8355716,-1.8517787,1.205067,0.3021506,-0.73881793,-1.9209275,0.69276357,0.010576971,0.40942925,-0.18475565
624,1.3260369,-1.418144,1.4719507,0.8267335,-0.12881532,-2.2352347,0.9903089,-0.42453334,1.7062292,-0.84762466
625,-0.96095806,0.5107544,-1.9665464,-0.72218627,1.849239,1.1431551,-1.5132563,1.3554425,-0.97518533,0.43355247
626,0.09183958,-0.73958135,1.0414125,0.4670431,0.4408111,-0.9431574,1.1486716,0.43898666,-0.37106007,-0.12500897
627,-0.2904035,0.09894967,-0.011735585,-0.6945172,0.23012272,-0.8191727,0.74793136,0.11835699,-0.14557916,-0.6304852
628,-0.39856315,0.57569855,-1.0767472,0.7264125,-0.3461952,1.4137179,-1.402018,1.2428433,-1.0802083,0.8885205
629,-0.58611035,0.5778403,-0.63425785,0.09545529,0.49260616,0.8867407,-0.24952513,0.70135033,-0.26233,0.47862983
630,-0.5348131,-0.43037882,0.17714596,-0.48151872,0.19663098,-0.22331785,0.2467212,-0.020546138,0.17546609,-0.029787794
631,0.8708389,-0.645319,-0.049581595,-0.47157586,-0.12433472,-0.15898792,0.3554883,0.22827372,-0.7006658,0.63541913
632,1.5824021,-0.48447824,1.4497328,1.3366885,-0.50876004,-1.3949145,1.3863584,-0.68804526,1.434413,-0.13315606
633,-0.24260056,-0.60551643,-1.0733826,-0.23468551,1.6339626,0.117622964,0.5365607,0.37430504,-0.78746444,-0.21694776
634,0.24806166,0.12758714,-0.45768213,-0.31404823,-0.07389107,0.5316984,-0.6581284,0.40966985,-0.4129054,0.9353565
635,-0.83439565,-0.21750262,0.5563024,0.09180778,-0.1055097,0.43339545,-0.35768044,-0.41057143,0.1457338,0.2307075
636,-0.31824088,0.12800092,-0.49660987,-0.24788302,-0.068786845,0.89727825,-0.14175475,0.62106144,0.13872397,0.08894856
637,0.66813207,-0.77288693,-0.4617052,-0.54419565,-0.08100815,-0.008854777,0.10118607,-0.05061494,-0.5837285,0.8220341
638,-0.5974389,-0.0620848,0.16206685,0.043126583,-0.39466876,0.32910073,0.002231717,-0.24279955,0.2582687,-0.254434
639,-0.101696104,0.20862582,-0.61456686,-0.6038209,-0.029444128,0.68657064,-0.41423148,0.7543613,-0.13280708,0.45015994
640,-0.7076038,0.595944,-0.7271141,-0.96565914,1.3539987,-0.030175015,-0.87018144,0.6342368,-0.8918398,1.1566664
641,0.09900597,-0.5031308,-0.66449606,-1.1031222,0.3165779,-0.43454516,-0.42520916,0.0637413,-0.70884985,0.6010076
642,-0.52694434,1.2616012,0.4063754,-0.9623157,1.0280447,-1.0191686,0.8764856,0.16057417,-0.5853993,-0.50678635
643,0.15458202,0.2717625,-0.4457876,-0.9076126,1.6919369,-0.6285782,-0.5088416,0.37442678,-1.6625614,1.5348802
644,-0.46307856,0.65096,-0.2541424,1.7955945,-0.6828945,-0.37514448,0.58887315,-1.2779399,0.23431876,-0.758497
645,0.3329432,-1.5190654,0.9009845,0.6672953,-0.16286892,-1.40353,0.7627777,0.015818521,0.7387302,-0.38503858
646,-0.7946663,0.12693664,-0.6456347,-1.3582828,0.7249382,-0.21404307,-1.0026081,0.059120294,-0.39791465,0.08159666
647,0.58983815,-0.978996,1.5583075,0.5362393,-0.73396915,0.6791403,-1.1605208,-1.3040768,-0.1175921,-0.77213466
648,-0.5948583,0.45225024,-0.5453532,-0.5668494,0.62155026,0.84152293,-0.06001535,0.8637651,0.014236808,0.15001324
649,-0.5233643,0.28863934,-0.6960003,-0.7848289,0.7866193,0.49521524,-0.46473342,0.9196428,-0.24469161,0.49703532
650,-0.7452272,1.0224919,0.052382223,0.39742517,-0.3839071,-0.2413599,0.3719765,-0.47618,0.41013733,0.0059222877
651,-0.62220335,0.6817333,0.17020823,-0.89993227,0.123375714,-0.48559338,0.12266311,0.13070348,0.21577564,0.23524049
652,0.7105914,-0.39172924,0.9645995,0.038751602,-0.19360958,-0.3587259,0.8619259,-0.22693259,1.0209614,0.19033575
653,-0.47884795,0.4631514,-0.6137471,-0.69817525,0.97585917,0.3372214,-0.8497393,0.69009244,-0.7123447,1.0895259
654,-0.07209587,-0.34876013,0.10237214,-0.5393289,-0.032156244,-0.04021375,0.3224056,0.15006013,0.07978046,-0.7716346
655,0.12730631,-0.90113384,-0.45174372,-0.26104993,0.25963843,-0.26801723,0.46742302,0.37319025,-0.71774393,0.6525121
656,-0.4629988,0.44582987,-0.2975325,-0.41435853,0.21506554,0.6766917,0.24994837,0.6323992,0.18367425,0.08482874
657,0.18692812,0.59886384,0.4831028,-0.21032545,1.0666872,0.72682023,0.9189065,0.7195828,-0.6510522,0.06736158
658,0.9174651,-0.73872757,-0.12516682,-0.05570376,-0.65945315,0.85677135,-0.8290353,-0.7337928,-1.2015419,-0.062264502
659,-0.2753667,0.3734728,-0.056404836,-0.7852417,0.7105401,0.17125776,0.32675463,0.38498008,-0.28395855,-0.041602552
660,0.25194204,0.4877575,0.51566374,0.33771515,0.10839492,-0.73664427,0.91509223,-0.86649716,1.375859,-0.53785765
661,0.82748854,-0.9725896,-0.8331083,-1.0201476,0.9987172,-0.46557772,0.039261818,0.61466014,-1.6047306,0.3727815
662,-0.49571928,1.1979074,9.724498e-05,0.5312627,0.30722976,0.041809514,0.9426331,-0.23886093,-0.37245047,0.09071315
663,0.20491448,-0.66809535,0.071247265,-0.2918043,-0.12727736,-0.324925,0.20770477,-0.009420566,-0.2458483,0.946512
664,1.1364647,-0.2355629,-0.5378505,-0.4902059,0.08546728,0.6108222,-0.25029022,0.33604637,-0.88646394,1.0679191
665,-1.309496,-0.6262001,-0.3152926,0.63007885,0.43030018,0.7535361,-1.6927755,-0.4362032,-1.3014784,0.04286787
666,-0.07396184,0.21772397,0.39112455,-0.0049756765,-0.69810045,0.1606948,-0.093260825,-0.36123136,0.6901061,-0.275309
667,0.07465595,0.028526872,-0.6786883,0.19634897,-0.03138168,0.6074019,1.0414164,0.039367042,-0.16740763,-1.164975
668,-0.38945353,-0.38755494,0.2709285,0.16596472,0.026419014,0.019896492,0.1153419,-0.24613297,0.3301348,0.9787357
669,0.7059788,-0.21444885,0.31224227,1.7190113,-0.7287482,-0.64993167,0.6137494,-1.2961193,1.5672958,-1.312079
670,-0.29665938,0.07043572,-0.24111883,-0.8581184,1.2082349,-1.4991229,-0.748845,-0.14431426,-1.0623555,1.6210508
671,2.0130925,0.25196353,0.76307803,1.9734938,-0.8038754,-1.4834229,1.1744523,-1.8958809,1.914413,-0.94381297
672,0.89440405,-1.1029811,0.54233384,0.479142,-0.5578325,-0.8211958,0.72827494,-0.020603389,0.7154482,-0.81121504
673,-0.85077953,-0.27208614,-1.7222054,0.0010509491,1.9201335,0.58950245,-0.56642854,0.34815335,-0.91722614,0.3984558
674,-0.31353602,-0.070623934,0.8738732,0.5341875,-0.08259216,0.01709859,-0.17452943,-0.91482985,1.1589344,-0.25080365
675,0.7431613,-1.129337,0.5713061,0.12657875,-0.776154,0.08623186,-0.6239023,-0.89032793,-0.35660535,0.118585154
676,1.2063894,-0.7743129,1.3986441,0.5814081,-0.10604404,-1.3506712,1.4612051,-0.065616146,0.3448491,-0.12646028
677,0.5426827,-0.90619934,0.05034206,0.07278496,-0.49738678,-0.58113515,0.9210337,0.18590192,-0.22008228,-0.17614889
678,-0.13079138,-0.11216166,-1.7287763,-1.1265986,1.6889459,0.9312359,-0.570661,1.1800565,-0.7741087,-0.6107602
679,-0.1847296,-0.5234598,0.051064253,-0.16718489,-0.1415773,0.5363377,-0.31730944,-0.25694686,-0.10037899,0.62552476
680,-0.47489125,-0.61325306,-0.047666788,-0.2887501,0.15822557,0.020606458,-0.16173053,-0.25397456,-0.124121726,0.6577515
681,0.80387926,0.19135937,0.6185756,-0.5586973,0.8000717,-0.103112295,1.3384852,0.7176056,-1.1491458,-0.5998539
682,-0.24623215,-0.068341196,-1.1053221,-0.2554328,0.44846624,0.84819084,-1.0497985,0.4417969,-0.92214566,0.8742862
683,-0.34828374,0.52153206,-0.14414717,1.0910776,-1.0477234,0.069219835,0.12996358,-0.7675705,0.13972583,-0.82139957
684,-0.1590696,0.24933806,-0.151503,-1.0812595,-0.11036718,-0.7211801,0.3219828,-0.12108821,0.40737945,-0.7790289
685,0.06325507,0.42425752,0.08701618,-0.07999408,-0.6598451,-0.7065604,-0.07044992,-0.49163225,1.3817463,-1.6309524
686,-1.0818694,-0.72285956,0.82053334,0.49044305,0.30277574,0.26707494,-0.734269,-0.88888884,0.13601488,0.309645
687,0.16920435,-0.2964012,-0.7173812,-0.5906333,0.860935,0.26458213,-0.464171,0.32418728,-0.7759246,1.1941617
688,-0.48623654,0.76395154,-0.60308444,-0.384275,-0.5805994,-0.06939067,0.366692,0.039812222,0.55500233,-0.85517347
689,-0.16796714,0.050667733,-0.554177,-0.5414356,0.92304754,0.28141648,0.059876323,0.5533803,-0.57434124,0.63559127
690,-0.12945476,-0.3254838,-0.23588829,-0.5723463,0.014730632,0.52911764,-0.30714113,-0.1477291,-0.14312416,0.07743497
691,0.0808219,-0.22316617,-0.3390128,-0.28243792,0.28393227,0.65464765,0.4691223,0.24263152,-0.091526926,0.28844684
692,-0.110971145,1.1638827,0.16331983,-0.36772966,0.68146306,0.0075435042,1.1548686,0.21050364,-0.55525655,-0.71000814
693,-0.34121233,-0.31976297,0.20450397,0.15182495,-0.6497811,-0.09297298,-0.37681562,-0.38158503,0.58024555,-1.5376414
694,-0.35795116,0.5951455,-0.31280607,0.33841908,-0.5615999,0.64635515,0.2162501,0.6398984,0.01298815,-0.26853824
695,0.14527592,0.047959372,-0.0594129,-0.64519507,0.11380392,0.41571063,0.417497,0.32767823,-0.12880814,-0.09657088
696,-0.84473246,-0.7750087,-0.019778881,0.73212963,0.08642328,0.2794869,0.3169799,-0.4555665,0.07806027,-0.27655667
697,-0.31549487,0.17390639,-0.66322076,-0.55367535,-0.0042017996,0.71935815,-0.61163175,0.7165742,-0.25137353,0.42035225
698,-0.10544092,-0.71784985,-0.4748929,-0.069642305,0.40274358,-0.25483745,0.32106033,0.22173655,-0.52662843,0.84062636
699,-0.39142346,0.08178826,0.36187506,0.5208655,-0.7948216,0.71775,-0.6100013,-0.30662555,-0.26338273,-0.14106467
700,-1.2226908,1.6701224,-0.83481354,1.3025298,-1.4305857,0.21307668,-0.36131656,0.8255532,-0.6114499,-0.52087927
701,0.38204664,-1.5798242,1.4068034,1.0205524,-0.45149451,-0.8384382,-0.6800827,-0.9364922,0.8256126,-1.0205798
702,0.6612902,0.18554214,0.9496896,-0.14563262,0.13149288,-0.49477774,1.3046108,-0.13864753,0.0502252,-0.2385588
703,0.062029123,-0.66879785,-0.82919925,-0.57859606,0.47454095,0.1669915,-0.11249298,0.1430951,-0.6403151,0.7374201
704,-0.32797793,-0.44143465,0.03647536,-0.09697616,0.1899398,-0.47771943,0.26693672,0.0047077835,-0.060563564,0.819208
705,0.16251817,-0.59321105,-0.2114124,-0.9387418,0.17774251,-0.9509371,-0.13662249,0.10384909,-0.35277224,0.5676593
706,-0.5350632,-0.29381984,-0.33539474,-0.39218074,0.6625599,0.30088845,0.30223072,0.22317082,-0.17821622,-0.028064206
707,-0.28929055,-0.8100236,-0.009609669,0.3847686,-0.12808281,0.20455573,0.12187961,-0.24742997,-0.19171792,0.7185199
708,-0.23842652,0.042602673,0.15248828,-0.2035029,-0.14239378,-0.20765613,0.61518043,-0.26362726,0.70549107,-0.22001565
709,1.4187294,-1.3694005,1.5098782,1.1461124,-0.49071008,-1.9019442,1.130976,-0.4561822,1.415925,-0.81558216
710,0.11244717,-0.21747653,0.0077744946,-0.32015365,0.6737551,-0.0978957,1.000251,0.57173496,-0.37087965,-0.89187765
711,2.168167,-0.86256164,1.6292675,0.7785235,-1.6931661,0.09105983,-0.68187153,-2.0883014,0.13000983,-0.24750379
712,-0.28887084,0.63730127,-0.86823076,-0.9208237,1.8824905,1.1974436,-0.33082634,1.584247,-0.88982064,0.2645533
713,-0.42329094,-0.017779037,-0.9063509,-1.3711568,0.81882656,-0.15738349,-1.0550611,0.23895353,-0.6458623,0.6372272
714,0.058369994,0.28983077,-0.010095283,-0.12090212,0.83033323,0.3519719,0.29117957,0.40386885,-0.5779061,1.1048533
715,-1.1722982,0.51361156,-0.37013727,-0.61640364,-0.27684942,0.18435629,-0.47178596,0.29722184,0.32181987,-0.19741532
716,1.5316925,-1.4944983,1.1690454,-0.29312873,-0.589333,-0.86171037,-0.27854246,-0.7429303,0.6720163,0.99105394
717,-0.8677264,0.3806181,-0.86953235,-0.045348704,0.91803277,0.57053965,-0.6712067,0.6544454,-0.5420709,0.85541666
718,-0.38288742,-0.35215795,0.14966938,0.010369122,-0.067026705,0.4245296,-0.32151955,-0.19522029,0.1001091,0.84967875
719,0.45993203,-0.2759888,0.850768,-0.17779961,0.017241001,-0.5210832,0.8781049,0.09198334,0.3302806,0.081749335
