Australian Listed Equity [G],Int'l Listed Equity (Hedged) [G],Int'l Listed Equity (Unhedged) [G],Australian Listed Property [G],Int'l Listed Property [G],Int'l Listed Infrastructure [G],Australian Fixed Income [D],Int'l Fixed Income (Hedged) [D],Cash [D]
-0.0035,-0.0045,-0.0055,-0.0043,-0.0065,-0.012,-0.0017,-0.0018700000000000001,-0.000425
0.039697726709855774,0.021529918431049292,0.1327399999999999,-0.016217600264602013,-0.0065,-0.002561544789366533,0.011052869692462055,0.007451078295296358,0.004134547689713217
-0.005374273718933894,-0.08317827877184153,-0.07335915096991846,-0.008759790675874407,-0.0065,-0.017876045464293434,0.003974120135373195,0.006842133406303456,0.0035657101981924817
-0.05196584294137535,-0.052368380255584705,-0.08367153628652207,-0.0374730004495314,-0.0065,-0.015365260160496986,0.0033477588142224804,0.004243497418383084,0.0036728405823019256
0.055045313414770425,0.06525044918056916,0.04178748747520606,0.008405055118959734,-0.0065,-0.005116883116883065,-0.009912020652341867,-0.00729678903931631,0.003272665993660459
0.013657700457994363,-0.01160211488370438,0.017120105241577317,-0.007698637213464862,-0.0065,-0.0037451309170643994,-0.004905704194255549,0.0029006924647400115,0.0030172381110043587
0.03426881720430114,-0.0299015012241533,-0.022855939970214227,0.04298772095257603,-0.0065,-0.0061580316404416975,-0.0011220836748299975,0.003675958037685738,0.0029826126649049466
-0.05094439603913775,-0.025780574463310554,-0.05852632857281664,-0.003966419320021622,-0.0065,-0.012211972189248733,0.0018372429245170588,0.008577464282707297,0.003162719955111046
-0.0130807865119929,-0.06676375794604833,-0.012271175311884425,0.03733792376810124,-0.0065,-0.0028408599414832987,0.020931459848849043,0.006163358225257458,0.0033422223985682146
-0.06920368817268713,-0.09349893417543237,-0.13922309217865553,-0.006083859400877881,-0.0065,-0.02031967729736549,0.008006369331477982,0.005316959832597372,0.003218909180129634
0.0641539970986536,0.020792817951058754,0.059079209691650876,-0.0022630047371983313,-0.0065,-0.007593407059022884,0.01218432960158693,0.01466840524861707,0.0027933335452155457
0.02964295008539081,0.05799128207964261,0.09565140789856869,-0.009988726711569121,-0.0065,-0.006600295296351078,-0.010794687291271308,-0.00740011200349477,0.002610182611891418
0.02299696338502361,0.0064305861512365435,0.08932977836094907,0.023734629232574078,-0.0065,-8.374942306898017e-05,-0.009167986363996853,-0.006535104643163676,0.0026544212547551433
0.009400599904440036,-0.024022389391719575,0.03483037273774576,-0.0037474393530997335,-0.0065,-0.006609611477381028,-0.0012979380913858182,0.0017956971224772293,0.0026053747146979806
-0.014628970264509763,-0.0145427804241634,0.01298593907677465,-0.022893174948710245,-0.0065,-0.017608941312327254,0.003200539764507039,0.002511003860044263,0.0023742670604004453
0.002995762736818511,0.035396125083694004,0.050590909888028675,0.004978322461883173,-0.0065,-0.004617477499896373,-0.009005247787332474,-0.007623091892292778,0.0025355083315139336
-0.021515751348694486,-0.05036458665137116,-0.008048902394473806,0.0013859841796456443,-0.0065,-0.0040540162213347115,0.010572209027157976,0.009923160285309634,0.002785764428872703
0.004967052381321061,-0.015422375514204608,-0.03464172985841168,0.004568699263734339,-0.0065,-0.0052603545461971,-0.003999094485907127,0.0021168241409518277,0.0027235559320996946
-0.04543254868595187,-0.08185439071060235,-0.07006840083679128,-0.009911068289226908,-0.0065,-0.020439160952651515,0.009088634721449253,0.011419688662975418,0.0028865700968681548
-0.043727935689573394,-0.08887353538509607,-0.07072157554649189,-0.021850332677643608,-0.0065,-0.025462089283522216,0.007071933768224682,0.010865953636818375,0.0033010176595647065
0.012750289151052533,-0.002858478681550476,0.007138617890164739,0.0028140907381776674,-0.0065,-0.0035387805889672726,0.007164999280170605,0.012379211340441868,0.0030872617795340983
-0.04507261455389261,-0.11497382732014566,-0.08715340149886724,0.00010812181130048489,-0.0065,-0.011218557209837766,0.012639175699459717,0.012626285341713577,0.003087209263260624
0.023270988639811977,0.06948420625542079,0.042884205809478555,0.003344323752535964,-0.0065,-0.012410964533760883,-9.065104091039296e-05,-0.001990394727685208,0.00312093070224849
0.0077438961706502475,0.04899018279291884,0.04746980911961691,0.022152117712416732,-0.0065,-0.0010638490317806844,-0.0006400790185788748,-0.0001424737272217653,0.002966117301413182
-0.019447645974966673,-0.06873827328875409,-0.052404996131841956,0.0003807961498171257,-0.0065,-0.0013448289885720117,0.017304736327505055,0.014271350714385971,0.003089191390251131
-0.019906250000000066,-0.041028420874933684,-0.011342268764405411,-0.0032351533774752934,-0.0065,0.0007560259144501306,0.0017678278754697534,0.0053093004669008395,0.003024716195269259
-0.052725739961533125,-0.020842548195381613,-0.03442941022306883,-0.03468841759981909,-0.0065,-0.005245390972663733,0.006523654750954512,0.00790027033474943,0.0027082505422996923
0.035736398784866064,-0.009904163177737065,-0.03463729927234609,0.03832723854638117,-0.0065,-0.00939521667061326,-0.005467622483565652,-0.0005915904623832131,0.002967299852086944
0.039603047374819955,0.07815900621465616,0.04388522399230183,0.01588857525880685,-0.0065,0.0075638482128799304,0.002984995389023927,0.003108509944302467,0.0029031389501412794
0.00021311564157927869,0.037878219665780484,0.07627362988924996,0.026840283215205672,-0.0065,0.015141809196556288,0.011921342759781751,0.015763453679293042,0.003032210705402003
0.008854531263880642,0.01647235259736796,0.0373914527902049,-0.030420451129931615,-0.0065,-0.0036929784994739097,-0.0016371355845354414,-0.004101767729169304,0.0029009700800515766
0.029162450404598254,0.023992958293781178,0.056841392047250645,0.003354936156960517,-0.0065,-0.011179869524696951,-0.009138132692763533,-0.015297812270737227,0.002907772248576987
0.026429833932213157,0.01985180374985668,0.061437568008704986,-0.003978970869047179,-0.0065,-0.004401385629679389,-0.0018716534503108824,-0.0032457880618082086,0.002975647152529812
-0.004896722123017668,-0.020057695398225935,-0.016208651379216836,-0.02786215106850187,-0.0065,0.003156556134708676,0.0039745920052424956,0.01247651200529281,0.0029471032631095827
0.030044019923751778,0.049791167975657254,0.08391544111725008,0.016994416243654897,-0.0065,0.0017649757838387285,-0.011074477860311441,-0.0076577385488131545,0.0030435727680422882
-0.023718706228919192,0.002009033449464186,0.004044298556896092,0.010634769461164094,-0.0065,-0.0012237508531196435,-0.005654969988537438,0.001895004515162795,0.002841106346957176
0.03413061734726558,0.04046594406163168,0.06369556222767364,0.012759531223461386,-0.0065,0.007545826077685735,0.013210371345517625,0.00788342642746334,0.0033829542473282595
-0.011408068701346748,0.01240433007157055,0.03162227062272278,-0.005666623411770445,-0.0065,0.005044860399456185,-0.0032971851261887047,0.005705915406320576,0.0034625415918654616
0.027761676422966734,0.013277943910150861,0.032717191462383895,0.022633652121936524,-0.0065,0.0019831379806705234,0.009174325610534119,0.009570926729384147,0.003323816479912997
0.019704874835309753,-0.013500411573973133,-0.007414624294737765,0.024522379771403986,-0.0065,-0.009160819306428748,0.006182259717200357,0.004490637524976364,0.0036321429649249196
-0.0074219473461132855,-0.00836957792893461,-0.06344404435663747,-0.024684462398195054,-0.0065,-0.01783080552746873,-0.009570085862656128,-0.010301451714094563,0.0033882378604635248
0.0151958676261475,-0.0028689127285633177,-0.02915747067339574,0.046407845206449215,-0.0065,-0.014305319185001875,0.006018226519691407,-0.00022498629403737213,0.0035935354934180067
0.023381407731312646,0.016712055107242333,-0.007932078491695577,0.004253894670450912,-0.0065,-0.00856801114546889,0.0016308203419953553,0.0006578965582154366,0.0034128045364316653
-0.0007797627322860237,-0.03340440387301118,-0.021781169688129424,0.045868054107052546,-0.0065,-0.015115475787334954,0.001948180311992244,0.005512750485912148,0.0035094688657829913
0.008062124337511693,-0.00281988128587934,0.0403107974524451,0.007128234238912362,-0.0065,-0.01064121203886147,0.010284635824552258,0.013874862056589558,0.0035046457892997734
0.034507339425323746,0.008353369736178343,0.042111974560136,0.01603810854880024,-0.0065,-0.001856842390935521,0.004597920467539342,0.004867399936745169,0.0033620784424657517
0.02909959506646193,0.007823425760003114,0.0015505136434528829,0.009477143149714706,-0.0065,0.000828693286764947,0.004394603387876751,0.006102340887386897,0.003457774589337467
0.042284888883837024,0.028841707495531114,0.04620229105337265,0.021981964422694664,-0.0065,0.014492920852813517,0.007660504135443281,0.004004226281687721,0.003365197710304632
0.027949053059379617,0.028998306850742398,0.025770726972903564,0.04068698758523258,-0.0065,0.004054008656890106,-0.0018652901314433186,0.005938103307299695,0.0034561873653680213
0.010857947166126373,-0.014412549717225661,0.00453080045787641,-0.0005080306480177017,-0.0065,-0.015369893498648913,-0.0011383256958219386,0.0075014727542968606,0.0034453581439104456
0.01812055703807586,0.020466523343877167,0.06498218813165241,-0.01670021178490463,-0.0065,0.0023226259210820215,-0.003926835311438841,-0.0037168086635066444,0.002961771277399325
-0.013238988663691827,-0.014573969782897652,-0.052606847191980104,-0.015226501575115223,-0.0065,-0.013540977419963508,-0.0003132096285083915,0.004439299949042745,0.003567406727830755
-0.03497631072497315,-0.02737969612439922,-0.041826462823075276,-0.000592790127630843,-0.0065,-0.022362531103341955,0.01166470515031064,0.011123540530268865,0.0037938540475765587
0.02856413002711117,0.031034805644442224,0.03871518054532059,0.002268338663524846,-0.0065,-0.010535964353914674,0.007140618215022899,0.008004461523465626,0.0036950057815832464
0.044193016920829165,0.012318301554173187,0.03217614451248669,0.03417382597982919,-0.0065,0.0010617174092670927,0.003263636399582949,0.007784140107783381,0.0035137149594360955
0.022985758818134198,0.033086043784657355,0.06160982405335431,0.016708624221771405,-0.0065,0.007230165950371747,0.0021837359133396587,-0.005090710945501366,0.0036524470770081334
0.01663744968622655,-0.003653925854792568,0.007899189983758664,0.011727762738814596,-0.0065,-0.003166512773161035,0.005260443905184787,0.00757146507496405,0.003641228687675088
0.04742197740373105,0.02836951375197966,0.08134847163122366,-0.003274641359100737,-0.0065,0.004261402812948189,-0.006928062699964447,-0.003647102696311822,0.0034517454464374456
-0.04193079601796118,-0.023656970106775862,-0.06038228843416787,-0.019818357859899646,-0.0065,-0.02656019213449422,-0.0001875123240781081,-0.005659919744192483,0.0036334990910005666
0.04088128890326864,0.03770611714788314,0.06792964638036098,0.025024274303526276,-0.0065,0.0028057882711347674,0.004665060920736587,0.0035233803329998968,0.0035136925249204727
0.02753256933659493,0.01706827858400745,0.04893272034810454,0.04147436993985508,-0.0065,0.004120800936627599,0.006143009743447471,0.006373172217148874,0.0035927847930856097
0.03206757272300603,0.027640594794599186,0.07548063165241664,-0.014460538766310857,0.028769999999999914,0.0202618766249112,-0.00029478843597700996,-0.0024645599150471546,0.0036464681373965606
0.0023019437913972015,-0.0012680420367730495,-0.006032679052799856,0.025421332247262125,0.011215185410569047,-0.008622781911848943,0.003154177330726783,0.0009914198945681733,0.003234418656111035
0.04421100960540497,0.019953908379682198,0.008655818986401281,-0.009141372251407334,-0.014111924715976491,0.006226938216669541,-0.0007330237303546191,-0.009048642210693998,0.003604052201496352
0.022524437461311223,0.004582623672903578,0.047163847948466904,-0.0065736110500154874,0.004584650771334914,0.010158724822814113,-0.006445546307942333,-0.0050698806229598,0.00333371425146923
-0.05085952195674942,-0.0484130940623722,-0.0840988215093455,-0.016009221140656886,-0.014095679070735327,-0.02499057224292921,0.001687274161544651,0.002680480232298537,0.0036859436224511905
0.01690446558620479,0.0005152474868865319,-0.004962286145864187,0.04885540014845159,0.010532836105418615,-0.01305514522130279,-0.0002254556701624207,-0.0016611560193919579,0.0036590317891600026
-0.020311841323731924,0.00102233445628092,0.004850556911653097,0.016339420546185725,0.0031249367397049926,-0.00913698020902819,-0.0010088823767434125,0.007462921758274703,0.0036748408364247723
0.029928982886950065,0.02108907103528285,0.022870378190500258,0.0276470809823823,0.02135693731492911,-0.003463178025998593,0.007279561648252476,0.011878197106064341,0.004017116796102701
0.009612319750994806,0.013580771342663615,0.008817019722425162,0.02856930455160067,0.005601508173033571,-0.010708329898040592,0.005441850370755942,0.004598475881725232,0.003917434878475853
0.04363578861701717,0.02634518271906722,0.02956545577696363,0.0034514169174598365,0.03891804229499413,0.005703244222429637,-0.0032742451961852697,0.0024875328382484236,0.0038800725906724645
0.020205662861556176,0.006771987968022313,0.05981051263825738,0.04065374646096077,0.02303226357118477,0.00871253270045048,0.0047315722847437024,0.005169604880474603,0.003958844550374338
0.03320533035901946,0.021964930868197233,0.0339965844703723,0.05716392523902365,0.017956972309732984,0.006336988400665888,-0.004279876230345979,-0.004929492272493503,0.0041107635151943125
0.015365865230243584,0.013430804234351782,-0.0083561434252663,0.01776334872010069,0.014929149469936127,0.0012845541112061036,0.0022768295193970845,-0.0018083766176136557,0.004235666681037783
0.012703946436813555,-0.016314019839560875,-0.012311710693023442,-0.00997483969795456,0.008577088846281895,-0.004599800271425803,0.008472720614338914,0.008477728161843905,0.003757096077303065
0.029524536923593307,0.01059018706853471,0.026926649109090102,-0.03805382618179193,0.020037413850969084,0.0003532103095926879,-0.003957044987941065,-0.0013011074449968247,0.0040249476638075515
0.026489025581488083,0.030475479507661777,0.0298641037905057,0.02408166048787857,0.01676624645493869,0.008211911218238398,0.00418009755948542,0.0010370685780781313,0.004228788072824227
0.022926006293599258,0.02921800573558059,0.033635107389763226,0.032097221890230176,0.0009601912602818568,0.011084684862057836,-0.0012861575835543466,-0.006805573230685025,0.004166336390138556
-0.004631268390751727,-0.01422767119670237,0.04069127299221404,-0.04636593196585547,-0.04718296640483815,-0.00420610521757946,-0.005528800187295328,-0.003878260649595384,0.003981796039617077
-0.023918783291910158,-0.03506481690248458,0.04253231860621593,-0.04341434245469746,-0.04274999038971632,-0.012047738393603059,0.003986326556682264,0.010471057233654994,0.004039173649115498
0.01871684891798348,-0.005012287560993529,-0.015070523126652408,0.06534557121906387,0.0066627231679882775,-0.027300885589478064,0.0055937145453257685,0.010040443583894413,0.00408613136824518
0.05231483104458251,0.025483409764891666,0.07841944370213266,0.014038612935891814,0.012026975528329716,0.015053233782604602,-0.002111960176749493,0.0015656504440590905,0.004442367838478808
0.025920701856265996,0.016932595032786938,0.08403164792681356,-0.006180295162612677,0.03246194253113494,0.019627643504531733,-0.002034422793982159,0.005872077406668912,0.004445589999823116
-0.03242330037951563,-0.04740045018945587,-0.06711397562402349,-0.05797296631059985,-0.004468704658586114,-0.02405728928342631,0.0021768152645382246,0.010848403695383172,0.004310036874604103
-0.02985376675034684,-0.012602176639427694,0.0006926970298655796,-0.06085334760012229,-0.010502376178807497,-0.007345174961209889,-0.003070425669976871,0.0006629804634231066,0.004700766868167258
-0.11347007357470401,-0.08856140704283849,-0.12986643992779717,-0.12834492584472293,-0.04439578844562402,-0.02679876446452444,0.008688279204278683,0.015151614117421556,0.004648479636845035
-0.010163010464718066,-0.02171744781378387,0.05563006918077857,-0.0449174344942451,-0.02598887235757246,0.0040505381375761755,-0.0069361898827037674,0.005829798424399406,0.004176572769459382
-0.03769572572345897,-0.02578662151466021,-0.04770138677378904,-0.004829242569510911,-0.010301379877186094,-0.0330933542117625,0.011926326026126356,0.0019467852262850908,0.005236425014316867
0.04162087648692531,0.056938405208200656,0.06692245669119906,0.032501170869272074,0.04148813188208051,-0.006283697953422863,-0.001570353773957954,-0.007270794926845404,0.005127365879570575
0.013603447816297912,0.011500288047398614,0.013015105130855858,-0.07881957021271138,0.03199327408573733,0.007975206418263003,-0.0007736936695582826,-0.007785387537907502,0.005150280105495728
-0.07916117503950765,-0.08682821302440386,-0.1042846011005209,-0.0925010991018847,-0.04344254515766904,-0.012045864196115297,0.0007449684844548235,0.0005860536359846783,0.00492095775507709
-0.05044673734882826,-0.022688315089532337,-0.05647639766013795,-0.04913712334774159,-0.0037600251290513193,-0.038074991400068856,0.013493786659436735,0.012187955371588226,0.005251674429449679
0.03688101246759451,0.007058676127848111,-0.053869488552380544,0.08386031370993945,0.01865851449275375,-0.026716963360647984,0.016681383505608327,0.011789236504331273,0.005252020382134034
-0.10289271441970399,-0.112326411866215,-0.129307283425872,-0.056080779490663535,-0.0932148211143265,-0.07750677532681692,0.009222401505387647,0.003423815496065901,0.004557106266409192
-0.13233528712192816,-0.1681908683125944,-0.2286473955594132,-0.21110703134551284,-0.09891671772711136,-0.07498910541660274,0.0153680675935722,0.005763285985498916,0.005647394227552468
-0.06645263841429777,-0.06523537533709595,-0.04545227882799068,-0.024306018657839348,-0.03489046663054201,-0.053458555091569035,0.02346175462174165,0.025505602328276648,0.0042047288869018285
-0.004870571722468017,0.005730776000724529,0.04046918949839246,-0.10493167699638173,-0.011857616317872903,-0.012341685649202783,0.0089079013888554,0.018448691151905776,0.0031934275309828592
-0.05189812895295204,-0.07542552283505138,-0.0350837065673471,-0.08791750815521687,-0.05008816446213387,-0.0010623219778966748,0.010257035147693551,-0.012624575908212305,0.0029798406235184457
-0.04909879810643775,-0.09407563535108238,-0.03397912162654553,-0.13753769460324305,-0.08453054330171367,-0.020847064127127325,-0.012138502772697062,0.0020470731783691237,0.002048578403701648
0.07719777019789392,0.059099867749054576,0.09910912223150109,-0.009578037780803227,-0.009992129677890031,-0.005461822730115296,-0.000720303205304705,0.007827864180964633,0.0018096790504782165
0.05354761235548683,0.09882378307942002,0.11641478188435977,0.04431481822365407,0.01862683717767672,0.004832354270221561,-0.0016699717121059316,-0.002488653021663751,0.0018218059271241512
0.011071350700550268,0.05173787236721856,0.11923065345288159,0.009011048307857443,0.018959963060093572,0.028606599266748144,-0.007815545254788983,-0.006821955153345761,0.0017122137921230605
0.036099385033055154,-0.0051804097391320815,-0.019086478816645207,0.028624817205159095,0.03164233968873149,-0.007702770511931013,-0.00692108814763671,0.0062277075082465645,0.0018486306102591806
0.06989224040134118,0.06967117268024142,0.09295205967717274,0.01635579755396921,0.0311419841840403,0.013380710659898442,0.0009659114302487907,0.005599734697828478,0.0018283654432778437
0.06288642140197936,0.03272547035980184,-0.005019891396122517,0.12427196468612511,0.01860808114399743,0.003266186304494278,0.004389925831011489,0.007231448171699166,0.0017257557316911118
0.05914746815497557,0.02624316394948018,0.057493116229812076,0.07670096309234258,0.010874065062629508,0.01840514666462446,0.004450107576789665,0.0043926581261149724,0.001980032060442902
-0.024210420770525206,-0.026947704309839667,-0.009425976201298975,-0.08305624710954637,-0.03215147301103654,-0.010736435260888955,-0.0023413328617147384,-0.0007408960031592589,0.0017491066507771633
0.014517389940326867,0.026424930105192593,0.0273162459014858,0.006490162992158456,0.0544534372102325,0.009057580481528282,0.01103482524279894,0.008314433617442489,0.00215512381995979
0.03338774058003052,0.03243092631880357,0.03627561495254678,0.023401215605816043,0.035776812873264015,-0.0031787514540519875,-0.004940488197052738,-0.008030611433174496,0.0023171913652824203
-0.06517027317573981,-0.04067291866139216,-0.04944078481042074,-0.028082849510939915,-0.033308395195698885,-0.01031843951186694,0.009747065486566099,0.006489785474949066,0.002523357210269903
0.01695943385406268,0.014954956984682247,-0.007186366260520766,0.007464069001737125,0.012118009798952563,-0.0051891217804211805,0.0025163708207372585,0.005120426648315861,0.002509941236892974
0.05391361445170989,0.06072698889940371,0.05677267885133392,-0.0037378995360995786,0.04039676905725482,0.010199990472107078,-0.006657973517944797,0.0014202125869672115,0.002352730302031889
-0.0169596948825203,-0.0019921594004206856,-0.004497177771729028,0.02981502310020701,0.0005738836651111917,0.0003968867968495819,0.0029831446710728584,0.004244393209015644,0.0025192333945921993
-0.07890079864546712,-0.08025326931082494,-0.057651761052194765,-0.03728467667790377,-0.06093161438504862,-0.03964351148552224,0.012285134571459523,0.012153687670961016,0.0027645673023959567
-0.02996714967732955,-0.04617482063850525,-0.010666920835283472,-0.01353626049683704,0.002143063920407368,-0.020427032784944944,0.00990321465977221,0.007756047900504297,0.0029331918368924324
0.04126068203692862,0.052881220436113936,0.05616333772470356,0.004156904466601114,0.041293420260451526,0.0038752894554656796,0.0006183529454262496,0.006064534063626197,0.0031631481092515654
-0.014310172862322886,-0.03814084988808513,-0.019635892128046555,0.03018587174108977,0.00618044645246591,-0.009650044649151635,0.014625296659161445,0.018054253955054493,0.003025870745583867
0.04437735669444637,0.06501076635466568,0.07175548427512451,-0.012509945175018194,0.015698558959092952,0.022322689548459628,-0.009370898498916739,-0.00112115972644466,0.0027326413509282197
0.014852491013166273,0.02399390288513076,0.017626086979932128,-0.006190841526670386,0.022135952339312266,0.007221179563896795,-0.001696039556237537,-0.0023078188111007153,0.0031443432822874182
-0.013183499869310718,-0.007790932991759532,-0.016185942236443145,-0.023730504476824447,-0.012435880661447789,-0.013845839078414846,-0.0035682282149695306,-0.01007110112800585,0.002879087553087209
0.0342321212164885,0.05205590586569637,0.039168338781448604,0.0079336355120898,0.02095471310865888,0.017031036249805186,-0.0014741690992801633,-0.0018353775109884736,0.0031805132356297313
-0.002446480271895476,0.014887959556348643,-0.02669333443662241,0.016774933863469114,0.011774853801169667,-0.005114796691638047,0.00612138872375282,-0.0027152989242980935,0.0032166444941060667
0.01981866432540619,0.024731091597947234,-0.019486541497915004,0.021875084226529173,0.024716904892211962,0.0018267675898846585,0.0019054303492784044,0.0009121781180366932,0.002728395000109327
0.0031809778694196797,-0.017245104436512556,0.03741887385771265,-0.02078193592870748,-0.0297415480580348,-0.010769805077735606,0.004104105656435921,0.0006023100814270425,0.0031347436877349174
-0.0066776067528562764,0.018175808901385208,0.0025489106651859824,-0.0032079034891455676,0.01434494718198049,0.0060277512975319796,0.002370988604768699,0.007315258604087398,0.0029975145614477756
-0.023676610433030983,-0.01722593862199145,-0.02142662760498342,-0.003845536900592029,-0.0007281238983321498,-0.021572165806559063,0.009213346221498032,0.009724762003853898,0.0031151434918460373
-0.02325583431988037,-0.020351056540715614,-0.024433212296770805,-0.011418324354505243,0.002585785762394938,-0.02561458946129923,0.002986978272576592,0.0005963988976412308,0.003010610181187021
-0.041808998785836826,-0.031754118715499983,-0.015083020353846616,-0.06107411992057027,-0.018936658856862625,-0.00512004771236273,0.012525991317039077,0.008982015771538548,0.003129967387419361
-0.02328511099165381,-0.0721569055967965,-0.07879106483036619,0.023238774845226552,-0.01521046497193073,-0.034995070973747086,0.015225870856632283,0.01782011178619936,0.0031978928882314657
-0.06625386022993979,-0.06511561735557275,-0.07970255544731647,-0.04316227119527041,-0.01745070789995478,-0.04400242508227957,0.005951458792718391,0.011107831671898797,0.0028630703760042704
0.06881493367565256,0.08098594961139421,0.08508958476714829,0.0264554188780318,0.046053091213483284,0.005290743971726474,-0.006558210623266823,-0.0038080909263197415,0.0031461242099118133
-0.03788723807049138,-0.017324951353798242,-0.04402011409627498,0.01821380774510747,0.010695519674935823,-0.019871764990435182,0.013032099591265368,-0.0006350250988164947,0.002909977045358034
-0.01788953092589479,0.0013682093728141819,-0.005677942690785304,-0.02670098932893635,0.021698810814362264,-0.014171937678686065,0.004924579394327812,0.015284574246842202,0.0030023436325551686
0.04781901281163298,0.03876779830606609,0.0686627911047833,0.04419316818795265,-0.0073306868502271355,0.011365835239766319,-0.0005455113199136259,0.007243668674771002,0.0028845927241513557
0.016854930580718023,0.04279540825773016,0.03981663792049745,0.014741909830365111,0.010357776896659794,0.004104177970700073,-0.0035026917143920907,0.0022234509526593608,0.0024008612005868213
0.00867402686412239,0.013128571314920904,-0.019674390475225283,-0.00933102512332402,0.008682103482324295,-0.01150872546297287,0.005622854702842796,-0.0016300170213388537,0.0028939188598205074
0.00953132463181389,-0.019827933608488165,-0.011206468736985881,0.04393272976149726,0.01297130723529722,-0.012384286934244083,0.011848939051899333,0.006170617622118228,0.002790637364848822
-0.0708736398886794,-0.0721490657299339,-0.07262898531130951,-0.015483071406935577,-0.026881623723869645,-0.025305710990559994,0.024620790726839346,0.013738284945794625,0.002813244226051423
0.001855345317114457,0.03833141396130841,0.015923334640500615,0.03179035435178242,0.0335171209508331,-0.0160044156799931,-0.0030859072004382412,-0.002321630208801035,0.001987156394192522
0.038493368423142604,0.008968908551146574,0.012035367024162252,0.04291326072810701,0.008315963544617895,0.0022130655887338084,0.001458356199102441,0.009645122247037057,0.0020611626427750026
0.01786894834806613,0.015529757934777903,-0.00736193772761567,-0.004322336211934264,-0.014704959416013845,-0.0036002399931429514,0.0036342187534158647,0.0013839322367253542,0.0021174744422913535
0.018314109225125833,0.0169957786492993,0.03724283898572029,0.005466762333935088,0.005529986073661459,-0.0015877603059923813,0.006570561375074592,0.003041889799805813,0.0022372867480631694
0.025683660280168944,-0.00911259487137189,-0.008124313383472798,0.04099279958909816,0.01205072463768126,-0.013787592008412276,-0.0015456861720690258,0.0013601326379792105,0.0020959315743695004
0.00041776329591086984,0.010197326738655647,0.010555964095324171,-0.0162539150270191,-0.01263419338518939,-0.005574212577688743,-0.0016339428127345663,0.00600508656132747,0.001736862614866783
0.029831052004754947,0.014628279245995471,0.03390451255676991,0.01596608279368391,0.014758011522709898,0.0028210173749214744,-0.00015371912859691713,-1.2608904160100304e-05,0.002018881211642007
0.04629743512834522,0.04923018714999645,0.008309047582231893,0.034259662575760276,0.04169570549019825,0.008669169520194819,-0.0036201302162595077,-0.003801386884673814,0.0018567009969781643
0.04941562237634606,0.010245012052506556,-0.015251393583366519,0.025412970406398717,0.028699394790878636,-0.00961519805982224,0.0033506532077451703,0.004848447736390408,0.0014838055797038205
-0.026038203800095635,0.022257074707632222,-0.0143264081760413,-0.02886689568041677,0.03854786662073146,0.0001174240896810834,-0.003423310551163121,0.0062497402065025895,0.0016686718073456095
0.03946402559586765,0.023368907299797962,-0.006374710831626934,0.06681196791216137,0.04934803500429558,0.0018648180242633143,0.011407505106323436,0.008765945201983875,0.0017967691730419763
-0.0488761808533677,0.0098704761718082,0.0024620710415413413,-0.03576687076782437,-0.04444025120041622,-0.007814913056292328,-0.002333332282166721,-0.013551822124076874,0.0017584330838442328
-0.02752844937722215,-0.028687917671898874,-0.05642654810434682,-0.012119130741815545,-0.012086015292700418,-0.02855318149800422,-0.010593802832449104,-0.009344751574432859,0.0015294511112690953
0.04947014151656842,0.04282826880367314,0.009069255095699285,-0.01142955848783467,0.02564177986342226,-0.003186184393776593,0.005571737510296539,0.002801271683883371,0.0017268627231670306
0.02162952350084219,-0.02512067147307889,-0.0064847327652381385,-0.004464158072321663,-0.046077634157208607,-0.01742352825165171,-0.004425630660811207,-0.002514217894589666,0.0015416849595809776
0.01812079041179532,0.0328265191639407,0.03669897238478132,0.004880119829072408,0.02640300696370485,0.0007305175490779463,0.0025562797755415492,0.005510125530038661,0.0013687772612213853
0.03584630473533773,0.03507922992024177,0.034660164036570525,0.01734955441473881,0.030082892245875743,0.003938283208019932,-0.002177673588635874,0.006737632773324136,0.0014277144128291039
-0.017075754841474774,0.01721229836625743,-0.005874688256983613,-0.028815632536486786,-0.011974308024170814,0.0010863816829200894,-0.002539178849946881,-0.0009630591629039959,0.0013870340945844137
0.004734870112703963,0.01638127165489717,-0.015317169541945003,-0.01771388716884497,0.016478113405539126,-5.2886901930938174e-05,0.0027640401742516376,-0.005858047363635028,0.0014005503041398001
-0.03345524031284158,-0.03691932976670081,-0.04999229166767121,0.00047119849486863135,-0.0038027306989545867,-0.01485751884646468,0.007543601940636126,0.012363436914567786,0.0014811897798996919
0.045663991190628306,0.03762033511247349,0.01611531997789501,0.03247641144712071,0.028218987203025132,0.005156539280933636,0.0012012274326124964,0.003079220763553108,0.0012691888662355352
-0.0014055393336502267,-0.0026388217376627733,0.013469567182648861,-0.018415656920499353,0.010171080508474657,-0.01683772311912667,-0.0015387869911338654,0.0011440693643760594,0.001427834631612521
0.013335643589018235,0.002788227853051721,-0.007242865523017167,0.04501013830202251,0.016544495673730127,-0.014067424101322435,0.006007100367229302,0.004709446319936643,0.0014573050768082328
0.0029520743200224828,0.017991294970416797,0.023063450050993257,-0.003929056062527304,0.01639885208682563,-0.0006895985367400999,0.009968892943832554,0.006730123992560482,0.0014863342156397927
-0.01796843354579952,0.009312165013912913,0.018448081013638325,0.025117020326111277,0.030373394982596343,-0.002421703423456812,0.005138600787208171,0.0030940696554478224,0.001446825870083732
0.04062367196799005,-0.012334652873207393,0.02423990551660366,0.03915873347530854,-0.017631161249794962,-0.015089353612167223,0.0007752464038936605,0.003539108129456463,0.001529305930156741
0.0029235948689803645,0.021913530807688934,0.014360017106035022,0.009733381622417464,0.03518369431957508,-0.003216649857889598,0.0069204574118722955,0.010704108579284048,0.0015012231533802465
-0.05717406857791313,-0.014448637895808799,-0.04799872666280274,-0.049098325257562164,-0.011634997611177304,-0.012109063147562316,-0.004530494396000976,-0.0016147409429708333,0.0013376793732284152
0.039154417265765906,0.006877155616699941,0.008704219765303839,0.054065633235234105,0.04286223045598465,-0.019998836532868148,0.006431558130119232,0.0058775974173925485,0.001539741600006925
-0.035922977378625764,0.02438480761124823,0.005765268474203616,-0.00583477218225411,0.004565223053168261,0.002972144846796764,0.009074930488399304,0.009862698934925833,0.0014864454128315028
0.01690252489652694,-0.012271838782116403,-0.03036609019127417,0.03527502281319241,0.009971384832783765,-0.011873611988805644,0.01262372992405181,0.007090366331435886,0.0015454002815378763
0.02873589931152171,-0.009968949760512266,0.008704721304560186,0.0623956274035039,0.015297842299616345,-0.003930242634315285,0.011988095329110016,0.017790336116890654,0.001712126739962647
0.06572228431368049,0.05443895294960161,0.027357959849815545,0.02747541140704499,-0.01930820291878204,-0.0014339082003618116,0.000678448850781245,-0.007275778337209871,0.0013512727511350551
-0.004017375099093553,-0.008808327856328842,-0.0040774470646167075,-0.022487228381021296,-0.0176834502164192,-0.006010172074642373,0.004757482622387667,0.00639460221832872,0.0013199396486784673
-0.019974947430247577,0.005913133513668127,0.0512797628804021,-0.014827241059365625,0.0031257849079888217,-0.011788609579509213,-0.011117899453779204,-0.006202135853587593,0.0011026391972477653
0.0007871454329811431,0.008176782001825426,-0.030636695646419403,0.02242574611492903,-0.01017771298739583,-0.0037399038376863987,-0.0013925179021796893,-0.00528488611580279,0.0012772380177773688
-0.05665258716397242,-0.03391530559011196,-0.02806889569602105,-0.04094158678531329,-0.04875677367674696,-0.025135830072666277,-0.009568193832973181,-0.010716504659356602,0.0010701065066671986
0.039634148523510826,0.020438858549438336,-0.049073471770675496,0.044926640623695814,0.03198501288484996,-0.003273718493344669,0.009350107193165659,0.010126417653786184,0.001108077565927432
-0.080477348547987,-0.07103811222808026,-0.07040123330723763,-0.03985509061696914,-0.05886483422397797,-0.03188102967239302,0.003715179345510146,-0.0020956285707160413,0.0011130203320084385
-0.032078776439352585,-0.03999369332196306,-0.022610589103192517,-0.0070339136736863,-0.01468501659590598,-0.026089802348897007,0.00042519386287703944,0.006899489897761517,0.0010725744620299492
0.040704664269559265,0.0742407422638271,0.04874496275612101,0.03894975007642293,0.03660787390329285,-0.006733879315041092,0.000843000805269191,0.0017472163254540422,0.0011824166883760954
-0.010316558120205762,0.0019067057612273718,-0.03237562645783181,-0.029097284541078027,-0.028243715747911895,-0.009958778157119975,-0.009145388241660338,-0.00014961716148554415,0.0009919870646298598
0.02378074787983692,-0.0260745930771456,-0.01620926628289803,0.027952133307953732,-0.027660298528916653,-0.02049077011825794,0.0011290829182535893,-0.0017646311946543486,0.0012031768471020584
-0.057997286984208085,-0.05864609976410356,-0.05773582872350252,0.007013271683250149,-0.0006492218928851263,-0.02610883438482935,0.00868876874963729,0.01640099085722581,0.0012835517754885427
-0.020747140914659176,-0.019835762073472648,-0.004853191052476219,0.021670941679156428,-0.0004719459204019444,-0.02284370677731672,0.007091884767361557,0.010072070402939353,0.001087007517618974
0.04426154606225957,0.04815469760308528,0.07777155854582568,0.016052974175813976,0.046423025220353416,-0.009147491470440128,-0.003512102391709097,0.0036872209423672573,0.001258541339229677
0.02989764538271406,0.004088476871465023,-0.006274292540508314,0.019123439880458698,-0.004925882267599984,-0.008616471463097176,0.0004991136722190662,-0.0014773820350501294,0.0012660685906764255
0.027863232253898144,0.013112127643660047,-0.013556986592226533,0.018040522392306437,0.004142997856190828,-0.00842407174090275,0.008976456485255425,0.004193830840660011,0.0012198403751524343
-0.027922295367439006,-0.01765835564771628,0.010427127479132608,0.027145963559721563,0.03750124694087437,-0.013015415858949376,0.009578234061353798,0.018054474399460632,0.0009761511786983677
0.06009226998426148,0.036697528759276295,0.036866922901465156,0.04231520968497098,0.00970658765869365,-0.0005418591757533238,0.004550718414866107,0.0015576117706996677,0.0010456295997817587
-0.019068544153719887,-0.0002927363784391247,0.022094421559382633,-0.027920617457840156,-0.03465069996791464,-0.007340763749314794,0.00188557481006605,-0.003761695354087975,0.0010108812562876078
0.0016434234099598796,-0.002550716977183727,-0.0010741915654978677,-0.04124490654662879,0.01392397914856653,-0.010763299081567802,-0.0036109183359413696,-0.0014527612020362186,0.0007785423757244423
-0.0252479377396399,-0.011191599312787733,0.0006351704602581328,-0.07062610770279486,-0.01675110088649883,-0.013780102810019502,-0.012549343971029135,-0.011752536746205522,0.0008170233261435931
0.02454952825921303,0.021840821016960447,-0.027292919473511694,0.0022110129555493532,-0.022796362566539545,-0.00836065872077162,-0.013939528282913166,-0.014817214342861307,0.0008036542573702874
0.039904400612321755,0.023260819385907353,-0.0041031565552819785,0.05561144409175218,0.027059418079550653,-0.0023725863475658644,-0.0031582852268897937,0.0005271087226397068,0.0008086195023131546
-0.01124682243276159,0.008372112243588862,0.03422013394540164,-0.04754047041407952,0.002285853287080148,-0.004996444348669405,0.0035012354876506795,-0.006738900180503566,0.0009094666966069951
0.01833132603853255,0.026465290088437846,0.011322334224182667,0.030769618083743823,0.02976317219722819,-0.002334545973321934,-0.00023802492271006578,0.0057773859844272015,0.0007177689242584415
0.02925263990488475,0.0051391989011912486,0.013825485392089448,0.0009949313069191328,0.004993136493136547,-0.008061323254088693,0.002049504641532686,-0.001891840566313036,0.0008512909260970567
0.006327563463378875,0.007024789485289011,0.01775385180505446,0.018317621014839802,0.012105767691962872,-0.007689731004028689,0.004687171850446027,0.003898137771629899,0.000837299098065045
-0.030931482884989422,0.010320722914444806,0.01911784124800648,-0.013894179933258562,0.026433952985611638,-0.00381936026346218,0.008205398600620407,0.0024259110318706582,0.0008393187691390945
-0.0012946781781026343,-0.0042734498951991174,0.010889195300324566,-0.04713313472056708,-0.021774211800781033,-0.016882456170833716,-0.009330963637699573,-0.004253837986867788,0.0007930795744469619
-0.003359436195488671,0.009816192802627414,0.0433923048401797,-0.003519503131777711,-0.003793815627288138,0.0016541416398936463,0.00040725555902127044,0.0002950680606305482,0.0008138427056418183
0.0039935614280220445,-0.0030194476692464957,0.015586256098683532,0.003193958097577091,0.015925973337769857,-0.0061261584042442314,-0.0017500688418896,0.006745136656884559,0.0007826943378663384
-0.0031473732555895,0.018704980298931587,-0.0010607885280099986,0.001357894736842075,-0.014036355911263225,-0.013524103091018248,-0.004346840068018774,-0.006740195475379169,0.0007786980352292725
0.03665352798299343,0.020919268690992202,0.033414668844748814,0.013814524992352984,0.014295064322300717,0.0008117174904813777,0.007604773755955209,0.0017658197774842947,0.0008228334469633756
0.013434498640605922,0.011234017112710718,-0.013726449391180668,0.03995882693221497,0.0151028268383075,-0.0110008974988569,0.005691008743208726,0.000783008912965915,0.0007074760512649411
0.015088389590078913,0.006531730162880616,0.020129723580181898,-0.00043602127297247175,-0.027864373495133536,-0.0029155501421031967,-0.006121838693837621,-0.0008503051463523321,0.0007931043451821915
-0.0074111337633197515,0.033155407949432676,0.06218383520782484,-0.03087360075113457,-0.02463876137577308,0.015125349963955658,-0.003975112519702233,-0.007131095845839581,0.0008997270023992507
-0.000118635694472177,-0.03981140866612081,-0.04419614884064287,-0.03265536806410587,-0.04965312967754836,-0.03323492255210801,0.0007922159764612983,-0.0009807536764705534,0.00071217599537283
-0.040755783611656826,-0.027593273986174446,-0.024213506428164826,-0.0038632042357638714,0.012037518366519735,-0.012633692425707877,0.005459550201169007,0.007797429097118451,0.0007504410108666624
0.03428463414553523,0.014907782833420927,0.006149342479200131,0.035045486660431203,0.020567023995324125,-0.011482712588439348,-0.004646933315935857,-0.0046777223861857575,0.0009695260418864013
0.008433705659405325,0.00821216775169126,-0.027651793216586444,0.021694926203862815,0.007212645904974119,-0.009248119548358014,0.004130854151795262,0.0004053304476158419,0.001042680899829693
0.028376085313962355,-0.0012063421362172267,-0.030148397606938486,0.01250854085176138,0.019282215825275624,-0.014295256469962093,0.002356198973351621,0.0009538900860819814,0.0008618249731574632
0.009558057363666054,0.026957048354767147,0.011447167489407056,0.003469477189561602,0.019411456817149682,-0.008399159803954327,-0.0003441654342349206,-0.0033193960738735102,0.0011924314912396404
0.010532746244738492,0.008889377407976521,-0.010998764969480984,0.026362061349847293,-0.008628160673293243,-0.01075419421281686,0.005194478386335667,-0.0009942918177628219,0.0009980801800871662
-0.01543635797350312,0.0027768220423238276,-0.017102784806625908,-0.020117912500340722,-0.0033350740899771797,-0.010971415299367838,-0.005311575374523207,-0.005053129425886222,0.0009164042910357637
-0.06506051019904485,-0.07254059695480869,-0.08327670913081114,-0.025273538442548434,-0.024190912183230377,-0.03772134108951085,0.002417271915794329,-0.0012718039201933546,0.0010036968918035604
-0.025262141762930786,0.007000904891818209,0.02417131734732953,-0.0028419671550392184,0.029120810356121525,-0.017868644428190018,0.00036420334131058863,0.003471102908660688,0.0008887137191114201
-0.00576615870245439,-0.08313471999035077,-0.030570622769443716,0.015847084827969433,-0.06174363093264373,-0.023909243352383414,0.011078515338311869,0.011477897136890406,0.0008689912146719745
0.035177661283873285,0.0679102042891519,0.06614174593700178,0.04538840537229979,0.062411716908956145,0.005698195546011597,0.0037398220766223693,0.004414016612441511,0.0011075882337281049
0.05658414330969236,0.028875254726516923,0.005468731272252841,0.01533661607838226,0.03114120279673966,-0.001211815954260665,0.006268465247660173,-0.0023196446454530955,0.0010455766766467177
0.0038312879056808277,0.011625995042983953,0.00821601724657956,0.046506220252608546,0.024603748298161983,-0.001091276388000429,0.013783559170704129,0.012673915574787191,0.0009807923531806348
0.021116120113273965,0.033152764747543535,0.020116153277264744,-0.02962687807807155,0.0053913454421665235,0.001588676103247321,0.0007168735471320145,-0.003764909681490509,0.0009662995543958084
0.013956927996498229,-0.061470552608841204,-0.07153289486923214,0.022105559871268467,-0.015909437982322853,-0.022005586041468062,0.01275815148082764,0.011577975705796478,0.0008581365462006472
0.032938345810414715,0.054460551439458,0.040556447022786664,0.03553472720567852,0.016454615622105435,0.007981081036228199,0.007144098747858775,0.008599039344156649,0.0007007184690496857
0.026195845443936664,0.007342711797608763,-0.015367867723541645,0.01630867216341022,-0.004543269400053168,-0.0048084476334586575,0.006368259215959128,0.004336362936481213,0.0005934950819775773
-0.026218101684325087,-0.023998520059136216,-0.030794314456642873,-0.0012707810969021945,0.007491666248305501,-0.013373116004070974,0.011150402014178664,0.020049037960838914,0.0002855106731736921
0.015579051297919536,0.01888654574170329,0.009204993081467777,-0.03369353882513173,0.013031926902567999,-0.015170597560580912,-0.005843352604703526,-0.007320514488316416,0.00029368914099065814
-0.0072904963398542875,0.014282715628560042,0.024458319165121596,0.007844953082067412,-0.009129636464292261,-0.008575898218168721,-0.005865040914038365,-0.0066218994938274335,0.00026127771186950955
0.02831256962023893,0.027008940863829826,0.00034223083704027456,0.017532588669522516,-0.01049015485890819,-0.007326120356444078,0.005286672794651627,-0.005390126831992871,0.00027379623262932843
-0.023747997048930432,0.01825052141340228,0.05185714853709739,-0.03783305414298538,0.023099972624302807,0.004129551527639174,-0.015666459439405755,-0.006393362284592741,0.00018865988969186435
0.0453751881315097,-0.007015737824572483,-0.03841132758995885,0.039980682095258936,0.035180119269191575,-0.010384132817945691,0.01808766833401586,0.014955632991783645,0.00026817204718483124
-0.08114361241697471,-0.08546336219888034,-0.04384979086143908,-0.06116546545361248,-0.09094605493756686,-0.03191269414481389,0.005607330544536849,0.010667982510615674,0.00021585378656738578
-0.21179147145749727,-0.13287806381690165,-0.1351115318837039,-0.3383688496528989,-0.1258025252965263,-0.08482908644923913,-0.0035174744104678564,-0.0032630235987185846,0.00041943078488870556
0.08672314875952353,0.10060585789930737,0.08246441808747235,0.13267740918318863,0.0499686396820866,0.012280293800257757,-0.002288773325138242,0.004812280985750632,-2.149667407487473e-05
0.042329281372869565,0.0427191241974731,0.0008465934073918543,0.017976737808513086,0.03783552888551207,0.012860235518020745,0.000725766033126897,-0.0026508326886139416,-0.00034932044488566143
0.020828379268704126,0.01913103229359731,0.06077944975959932,-0.015756838190429213,-0.036815761429252185,-0.00036052526860318526,0.0009298982386918745,-0.001000865638372845,-0.0003612560696182012
0.0025253923236464057,0.029418272559329443,0.07566638473899251,-0.04655797664796726,0.020919661633080185,0.014387386501458776,0.0014625800000943948,0.004531811855839245,-0.0003477603077442295
0.026992977872416783,0.05818569818252723,0.016239607086476156,0.06208791571661396,-0.003013269375653987,0.00522981604496665,-0.005287239727112124,-0.009785751438910001,-0.00034600166826108907
-0.039447779789339166,-0.033408005706350545,-0.02199159325743843,-0.014758707683461448,-0.007050916186430106,-0.02130882376026243,0.007441596327021606,0.003600035778175208,-0.0003640805752061406
0.015375428602111333,-0.035027498205938694,0.009427513192879438,-0.020259414426868915,-0.015078519346535306,-0.016658532720646536,0.0006680057023097388,-0.0024021301254526736,-0.00033034409271504267
0.0987812680486127,0.11522625938910508,0.07224426761177632,0.1651401630988787,0.04529235475745947,0.017896841569027055,-0.002624246567676734,-0.0009142336357885701,-0.0003653065153499082
0.009696385566281333,0.030566842676198417,0.0551605494129715,-0.013293425758762802,-0.0038102285076440584,0.02580876124524668,-0.004013052369897778,-0.00034746583599072964,-0.0004031974821833397
-0.00018262529111384403,-0.012222463994373042,0.03255409355546785,-0.030122875919261383,-0.017590677259575353,-0.014249031873696739,-0.005263894831026898,-0.007415451178821765,-0.00041449386080603354
0.011260429110920681,0.02197294901435626,0.004830744284638316,-0.0048438208772241375,-0.01798037302533855,0.011347116690799918,-0.03213752801724626,-0.017673093710672994,-0.000428875793022301
0.019463662760931758,0.03759132453212217,-0.014211133881968758,0.03950805723158974,0.07901844020197307,-0.004662611410149776,0.0051030522633961255,-0.0036624977972932247,-0.00040777229002469066
0.03347398418742237,0.03593766102057922,0.010533874127175274,0.010530956754664592,0.021310817616899187,0.01392099165894357,0.0030783711547149777,-0.0015104694242203903,-0.0004004395617423519
0.019581450479854882,0.0058193568424786445,0.007981565697993192,0.004301246557472017,-0.007658509140598784,-0.0009902041046778616,0.0005525301861086254,-0.0004591316719341827,-0.0003915460387906046
0.01903663245584936,0.01892053274843181,0.00283820617516623,0.025611679582854846,-0.009615306658743931,-0.018743361349230814,0.004149159196116105,0.0015261611578636417,-0.0004027751872228171
0.007558328298947373,0.012643441836444672,-0.0665518692001657,-0.029272767750081582,0.011224617920266584,-0.009160648271790518,0.013265727972266151,0.010367038978975843,-0.00039955807419664
0.022589571136193257,0.022231981191420173,0.01710512989069863,0.06108924614711645,0.014387345572878192,-0.0027631929357350045,-0.0009246578671851842,-0.0041638617087998275,-0.00041203256261208816
-0.022369660060105042,-0.04137156053190521,-0.03370335028999132,-0.0011629804368386083,-0.05055033884842602,-0.012180545525248599,-0.01457674793352388,-0.011397993091695419,-0.00042032395481011135
-0.0025041506248121817,0.050545772756452396,0.003418211716505642,0.00022610376477258205,0.05283598630734238,0.0007793751996778668,-0.03191676503257275,-0.004241421228065335,-0.0004339949542295298
-0.008815802976282424,-0.019174612271067367,-0.03771542337683625,-0.003208578586562954,-0.03215450555106441,-0.03409543141638437,0.015990712546753882,0.007784111903165829,-0.00037785207207249557
0.0230067440260216,0.03547003531811783,0.009345724120033266,0.02725224616058475,0.062173709545769236,0.007158485273492287,-0.0009221259012036949,-0.008097990139054123,-0.0003941573688126667
-0.0680433282272132,-0.053818275283920074,-0.02340581144792924,-0.06890242096479468,-0.039848209113152504,-0.01856428040624224,-0.010368789373110568,-0.01384242019628037,-0.00038232100740277737
0.0173689325493594,-0.031007953589664402,-0.029325022783491854,0.0320427315165099,-0.014856055416511853,-0.008342933133856912,-0.011985394750440801,-0.010366410516559073,-0.00038174944042881594
0.0654729211319583,0.026573968565886733,-0.026127254987294783,0.004284781096081126,0.07496409361241402,0.012346817937145548,-0.03355358272314151,-0.019530178564760643,-0.00039625756509918084
-0.011864056642922501,-0.0734503740416545,-0.0407026971819781,-0.009814226043559634,-0.04775877073176953,-0.0081464354527938,-0.014344884088639293,-0.022120561347713247,-0.0005607862688654288
-0.03109599486573272,-0.006839435056737282,-0.007186330618861031,-0.052487570633807074,0.008406231084943268,-0.01828162624323847,-0.009229431521645884,-0.006849398933591783,-0.00012873154103492342
-0.09316363643584719,-0.0822412641067341,-0.051051282585530426,-0.08027246963562752,-0.05790901918567486,-0.03257135138785715,-0.014277863595923285,-0.012295104436901239,2.1274308260575215e-06
0.05604493195884436,0.07525218363389014,-0.0043929031976385705,0.08253148719119939,0.054142735064826204,-0.006662952338923212,0.026831210124058303,0.01638536552284075,0.0006180719422399814
0.008276579317434921,-0.03907828372448335,0.006577373693006433,-0.03416988665502678,-0.02392477410299159,-0.006938202170125852,-0.023322561492441583,-0.02385386470916827,0.000890640928605244
-0.0664470185762927,-0.08755082228881034,-0.09930852933526829,-0.09864594823700773,-0.1222881205201049,-0.018824261614893246,-0.013281019359534805,-0.027000851932458835,0.0008149908645141843
0.056136233521510814,0.0669394375451921,-0.0317692204488254,0.08619702789055657,0.023446376072443438,-0.00647559366754601,0.006177278012162592,-0.0032615071573578462,0.0016358973586901835
0.061406728075124095,0.052043117250357214,0.11132404361672826,0.024727543529697197,0.05982755647764155,-0.009362306956403044,0.011463335287252564,0.012473173148314025,0.001692413795676093
-0.03642976316581609,-0.05529593219802447,-0.025490942311896907,-0.017659781916563748,-0.0343968532160585,-0.010991317148971492,-0.01920603958527492,-0.0166677895983397,0.0016970963863162855
0.05937422659836328,0.06052321564827196,0.059933383423181726,0.03869064361998618,0.0006987114523244247,0.00647842368288477,0.021719878369215562,0.012570394252612931,0.0018345950463721315
-0.028989362153981454,-0.020185801619389373,-0.052046445488415354,-0.004524604274067239,-0.05241866456370863,-0.021425889777255003,-0.012947880871392795,-0.013896310017133024,0.0016166203180783632
-0.005860942505131746,0.020342654318523615,0.016108521051640796,-0.05943277602989445,0.016156920137927862,-0.01922104495944076,0.025142943218156567,0.018233713654819378,0.001988521632263449
0.014975004736738576,0.011529274378650759,-0.01247422668539982,0.05020228310502293,0.010523406766588646,-0.0088866411072137,-5.9796160810597546e-05,0.000362013041371128,0.0021632236970176885
-0.028812284709329224,-0.006662408925305392,-0.01540547584477186,-0.03420638632972213,-0.058061899316884595,-0.013775476735833559,-0.01194454027678846,-0.005606674195617901,0.002080865735388235
0.013816255965940997,0.05235908700558451,0.028963155954877813,-0.015165191622696125,0.021706846202152526,0.003709009938630336,-0.018310145397169936,-0.003323898267580506,0.0021336872374488644
0.02544473622674809,0.02465138166055531,0.04754103119989612,0.033761618880250026,0.00984059674423516,0.0010064564424066107,0.0027121527024991836,-0.004602139367477732,0.002748024797843482
-0.011137697571251767,-0.02205395052532205,-0.05229953032729411,-0.020964774486531133,-0.054792413721159554,-0.01031094455147662,0.004586329269510393,-0.003492702457828274,0.0026804947392779807
-0.03238630423080685,-0.04144895062682468,-0.02344953554411138,-0.07649278165153699,-0.05514565352538341,-0.00868027927809244,-0.014666472729414164,-0.016196284104274882,0.002442788796148285
-0.04151148508658592,-0.030764103184308386,-0.04143953410013306,-0.06148566887518679,-0.003951073151417677,-0.013299860822982613,-0.017417896733513603,-0.007658129354292293,0.0024203179899059046
0.04713757646352584,0.07846881842229009,0.056300198263919805,0.08789294556867255,0.05789216492154487,0.002645754177458059,0.023578488738806424,0.021947518775274438,0.0025494946434254182
0.06866656687439582,0.03711467556398946,0.025925942411706267,0.0845114051745698,0.021160904154631406,-0.0049642250929680005,0.02114020168093833,0.021635249876408396,0.002712389112299793
0.007503444370398574,0.013369790907702132,-0.040360865516145976,0.007178797750890703,-0.027821877375860442,0.002127637673700288,5.4243940582611535e-05,-0.005125119592379813,0.0027167862473497424
0.006337413820585006,0.041586804553372665,0.04546064099847153,-0.01679385471157187,0.002864827514679375,0.00860443046004723,-0.004253835313698044,-0.007042241306488113,0.0025046438057571203
0.02913019492918473,0.0294158605657508,0.024679780133658742,0.08494037151841613,0.02827977339416194,0.005391412446234655,0.007834752377405298,0.0037106515522146877,0.0026952302578581253
-0.032735570567258454,-0.0368786476443999,0.008516875223850756,-0.07057462033207139,-0.026746353315469755,-0.01044821055461197,-0.018567784253251705,-0.01514494630500945,0.0025698582077592767
0.005008216337767216,0.03616581671666403,-0.000733029818890724,0.012756572420566773,0.03967210576967956,-0.004985067343353567,0.0016419240016805185,0.0014383089544709841,0.0027599967112312026
0.005661440427130741,0.018712505399261118,0.03709154545764221,0.0012123148722652138,-0.03367238431357227,-0.00582140217825854,0.0048696306981805175,0.004744265167836797,0.0025516206319901786
0.03782341695555741,0.007962772697418023,0.0005429909668786589,0.04805620506827222,0.06872085917840137,-0.007256041323010488,0.010869808189187126,0.013005162333528745,0.0027515358506458782
0.000947357470642288,0.014161406144260928,-0.001473021844407835,-0.0073899140427210125,0.025475901642107952,-0.014324828933334966,0.008565860290378449,0.006028997419465602,0.0027868939089914476
0.02723303984121467,0.010540069710264614,0.050071943879478616,0.05506275852275625,0.013703222958353085,0.005717079264410795,0.000916504298197797,0.006454436468495377,0.0026246610799330636
-0.016454873526997645,-0.013683556081806988,-0.034237773637633966,-0.02685991194965575,-0.015828507575759092,-0.021276744405627424,-0.017693075259761354,-0.01343921780476366,0.002757103005242798
0.033326393953615974,0.0443061769771242,-0.03290739058118602,0.014782573723929295,0.03696358810862561,0.005261918944032839,0.007950202034429822,0.007427147764825941,0.0026413158781607303
-0.03425026781450463,-0.023651003250808652,0.006363302780863006,-0.055410962831276445,-0.07434452784807738,-0.012468433441463412,0.002609911286343526,-0.008390957442075292,0.002776105903967449
0.04113590180634247,0.03007206413591085,0.010480221558552499,0.03333240838333065,0.008092560292812086,0.010214150976555657,-0.00010295306439876825,0.0004873619428627567,0.0028214077776064083
-0.04141113187086337,-0.014060041137108844,0.0018583145799385189,-0.05968157923482675,0.02227759452792006,-0.01014320263160905,0.006182964615459209,0.006369779576644578,0.0024562718690696126
-0.03689068482986663,-0.05466840577996639,-0.0025155275261829427,-0.04972204810211977,0.0059744897959181425,-0.015306295690375105,-0.00022026113136314047,-0.006335263979938422,0.002524646475123724
0.03247947834260195,-0.008248314297707168,-0.00763363180860282,0.05073606128089447,-0.014609290333849327,-0.016614325068870606,0.01274681376474337,0.008627690719986984,0.0025723090590796
0.03846736060969197,0.05477989999141148,0.02578798642972952,0.03861188252376185,0.0036548350204581087,0.0019417421988514698,-0.0003153414157184827,-0.0066675171103830096,0.0024939196475603806
0.01069845915788831,0.033246203800484105,0.043314151041881584,0.013540311119175752,-0.0028719039515976924,0.00027154343944403234,0.004659379016173583,0.00441153527069064,0.0022799516305289954
0.020831764099849052,0.015766604270509525,0.02824378335461015,0.021829845920274586,0.007375353722333506,-0.006584634743725049,-0.0019997805685875877,-0.004397741279625995,0.002132909936703806
0.028143784786641982,0.016113975985434684,0.008225332133108337,0.0370572970628966,0.000860119453525549,0.006572322546039688,0.0011451312808854156,0.0003555203149776136,0.002298713172647546
