DATE,Australian Listed Equity [G],Int'l Listed Equity (Hedged) [G],Int'l Listed Equity (Unhedged) [G],Australian Listed Property [G],Int'l Listed Property [G],Int'l Listed Infrastructure [G],Australian Fixed Income [D],Int'l Fixed Income (Hedged) [D],Cash [D]
2000-12-29 00:00:00,0,0,0,0,0,0,0,0,0
2001-01-31 00:00:00,0.04319772670985578,0.026029918431049293,0.13823999999999992,-0.01385767472628141,0,0.009438455210633467,0.015003376108778887,0.01096597446505454,0.005364173752603785
2001-02-28 00:00:00,-0.0018742737189338943,-0.07867827877184153,-0.06785915096991846,-0.005185803111481868,0,-0.0058760454642934334,0.00667543545338023,0.010249568713298185,0.004694953174344096
2001-03-30 00:00:00,-0.04846584294137535,-0.04786838025558471,-0.07817153628652207,-0.03857325633666442,0,-0.0033652601604969856,0.005938539781438212,0.0071923499039801,0.004820988920355207
2001-04-30 00:00:00,0.05854531341477043,0.06975044918056916,0.04728748747520606,0.014773319905767135,0,0.006883116883116935,-0.00966120076746102,-0.006384457693313306,0.004350195286659364
2001-05-31 00:00:00,0.017157700457994363,-0.00710211488370438,0.022620105241577315,-0.003951903736587048,0,0.0082548690829356,-0.003771416699124175,0.005612579370282367,0.0040496918952992456
2001-06-29 00:00:00,0.03776881720430114,-0.0254015012241533,-0.01735593997021423,0.0549857220378791,0,0.005841968359558303,0.0006799015590235324,0.0065246565149243985,0.004008956076358761
2001-07-31 00:00:00,-0.04744439603913775,-0.021280574463310553,-0.05302632857281664,0.00038788451160276516,0,-0.0002119721892487325,0.004161462264137716,0.012291134450243879,0.0042208470060129955
2001-08-31 00:00:00,-0.0095807865119929,-0.062263757946048326,-0.006771175311884425,0.0484161904280247,0,0.009159140058516702,0.026625246880998876,0.00945100967677348,0.004432026351256724
2001-09-28 00:00:00,-0.06570368817268712,-0.08899893417543236,-0.13372309217865552,-0.0020742551172998613,0,-0.008319677297365491,0.01141925803703292,0.008455246861879262,0.004286951976623099
2001-10-31 00:00:00,0.0676539970986536,0.025292817951058755,0.06457920969165087,0.002368599142792638,0,0.0044065929409771165,0.016334505413631684,0.019456947351314202,0.003786274759077113
2001-11-30 00:00:00,0.03314295008539081,0.06249128207964261,0.10115140789856869,-0.006614798501824559,0,0.005399704703648922,-0.01069963210737801,-0.006506014121758552,0.0035708030728134332
2001-12-31 00:00:00,0.02649696338502361,0.010930586151236543,0.09482977836094908,0.032598406084388465,0,0.01191625057693102,-0.008785866310584534,-0.005488358403721971,0.0036228485350060513
2002-01-31 00:00:00,0.012900599904440035,-0.019522389391719575,0.04033037273774576,0.0006425123801165888,0,0.005390388522618972,0.00047301401013433164,0.004312584849973211,0.003565146723174095
2002-02-28 00:00:00,-0.011128970264509763,-0.0100427804241634,0.01848593907677465,-0.021619970870593308,0,-0.005608941312327254,0.005765340899420046,0.005154122188287369,0.0032932553651769947
2002-03-29 00:00:00,0.006495762736818511,0.039896125083694,0.05609090988802867,0.010788747048701364,0,0.007382522500103628,-0.008594409161567618,-0.0067683434026973854,0.0034829509782516865
2002-04-30 00:00:00,-0.018015751348694486,-0.045864586651371164,-0.0025489023944738065,0.006611609511215866,0,0.007945983778665289,0.014437892973127031,0.013874306218011334,0.0037773699163208274
2002-05-31 00:00:00,0.00846705238132106,-0.010922375514204608,-0.02914172985841168,0.010312441004342254,0,0.0067396454538029005,-0.002704817042243679,0.004690381342296268,0.0037041834495290527
2002-06-28 00:00:00,-0.041932548685951865,-0.07735439071060235,-0.06456840083679127,-0.006524498010728963,0,-0.008439160952651514,0.012692511436999121,0.01563492783879461,0.003895964819844888
2002-07-31 00:00:00,-0.04022793568957339,-0.08437353538509607,-0.06522157554649188,-0.020407363578655358,0,-0.013462089283522216,0.010319922080264332,0.014983474866845148,0.004383550187723184
2002-08-30 00:00:00,0.016250289151052533,0.0016415213184495236,0.012638617890164738,0.00827219853276473,0,0.008461219411032728,0.01042941091784777,0.01676377804757867,0.0041320726818048215
2002-09-30 00:00:00,-0.041572614553892606,-0.11047382732014566,-0.08165340149886724,0.005125723036395913,0,0.0007814427901622345,0.016869618469952607,0.017054453343192444,0.004132010897953675
2002-10-31 00:00:00,0.026770988639811977,0.07398420625542079,0.04838420580947855,0.008888748549460423,0,-0.0004109645337608825,0.0018933517165760083,-0.00014164085610024468,0.00417168317911587
2002-11-29 00:00:00,0.011243896170650247,0.05349018279291884,0.052969809119616906,0.0307582764097869,0,0.010936150968219316,0.0012469658604954414,0.002032383850327335,0.00398954976636845
2002-12-31 00:00:00,-0.015947645974966673,-0.06423827328875409,-0.04690499613184196,0.005442786220717588,0,0.010655171011427989,0.022358513326476537,0.01898982436986585,0.004134342812060154
2003-01-31 00:00:00,-0.016406250000000067,-0.03652842087493369,-0.005842268764405412,0.001238193747121752,0,0.012756025914450131,0.004079797500552651,0.008446235843412753,0.004058489641493246
2003-02-28 00:00:00,-0.04922573996153312,-0.016342548195381612,-0.02892941022306883,-0.03533536930211523,0,0.006754609027336267,0.009674887942299426,0.011494435687940507,0.0036861771085878736
2003-03-31 00:00:00,0.03923639878486607,-0.005404163177737065,-0.029137299272346096,0.04956655644928043,0,0.0026047833293867395,-0.004432497039489003,0.0015040112207256318,0.003990941002455228
2003-04-30 00:00:00,0.04310304737481996,0.08265900621465616,0.04938522399230183,0.023475087510240522,0,0.01956384821287993,0.00551175928120462,0.005857070522708785,0.003915457588401505
2003-05-30 00:00:00,0.0037131156415792788,0.04237821966578048,0.08177362988924997,0.03620963164558799,0,0.027141809196556288,0.016025109129155002,0.020745239622697698,0.0040673067122376505
2003-06-30 00:00:00,0.012354531263880641,0.02097235259736796,0.0428914527902049,-0.03037261759294374,0,0.00830702150052609,7.395813584065714e-05,-0.0026256090931403575,0.003912905976531267
2003-07-31 00:00:00,0.03266245040459825,0.02849295829378118,0.06234139204725064,0.008901088554605252,0,0.0008201304753030492,-0.008750744344427686,-0.015797426200867326,0.003920908527737632
2003-08-29 00:00:00,0.029929833932213157,0.024351803749856682,0.06693756800870498,0.00037328968715444333,0,0.007598614370320611,-0.00020194523565986167,-0.0016185741903625983,0.004000761355917426
2003-09-30 00:00:00,-0.0013967221230176685,-0.015557695398225935,-0.010708651379216838,-0.02739785007965334,0,0.015156556134708676,0.006675990594402936,0.016878249417991542,0.0039671803095406855
2003-10-31 00:00:00,0.03354401992375178,0.05429116797565725,0.08941544111725008,0.024760949120528952,0,0.013764975783838729,-0.011028797482719344,-0.006809104175074299,0.0040806738447556334
2003-11-28 00:00:00,-0.020218706228919192,0.0065090334494641855,0.009544298556896091,0.0173660110013536,0,0.010776249146880357,-0.004652905868867574,0.004429417076662112,0.0038424780552437365
2003-12-31 00:00:00,0.03763061734726558,0.04496594406163168,0.06919556222767365,0.019836664213327193,0,0.019545826077685735,0.017541613347667795,0.01147461932642746,0.004479946173327365
2004-01-30 00:00:00,-0.007908068701346749,0.01690433007157055,0.037122270622722775,-0.0015890969904307495,0,0.017044860399456185,-0.0018790413249278881,0.008912841654494796,0.004573578343371132
2004-02-27 00:00:00,0.03126167642296673,0.017777943910150862,0.03821719146238389,0.031318200141786656,0,0.013983137980670524,0.012793324247687199,0.01345991379927547,0.004410372329309409
2004-03-31 00:00:00,0.023204874835309752,-0.009000411573973133,-0.0019146242947377656,0.03351439508302789,0,0.0028391806935712527,0.009273246726118067,0.007483102970560429,0.004773109370499906
2004-04-30 00:00:00,-0.003921947346113286,-0.003869577928934609,-0.05794404435663747,-0.02370286325371518,0,-0.00583080552746873,-0.009258924544301328,-0.009919354957758308,0.004486162188780618
2004-05-31 00:00:00,0.0186958676261475,0.001631087271436682,-0.023657470673395742,0.0589626107051735,0,-0.002305319185001875,0.009080266493754596,0.001935310242308974,0.004727688815785891
2004-06-30 00:00:00,0.026881407731312645,0.021212055107242334,-0.0024320784916955773,0.009946389151687107,0,0.0034319888545311095,0.003918612167053359,0.00297399595084169,0.004515064160507842
2004-07-30 00:00:00,0.0027202372677139763,-0.028904403873011186,-0.016281169688129427,0.05833494663610761,0,-0.0031154757873349537,0.004291976837637934,0.008685588806955469,0.004628786900921167
2004-08-31 00:00:00,0.011562124337511692,0.0016801187141206597,0.045810797452445096,0.013288644463851584,0,0.00135878796113853,0.014099571558296775,0.01852336712539948,0.0046231126932938515
2004-09-30 00:00:00,0.03800733942532375,0.012853369736178344,0.047611974560135994,0.02364896342883749,0,0.01014315760906448,0.007409318197105108,0.007926352866759023,0.004455386402900885
2004-10-29 00:00:00,0.03259959506646193,0.012323425760003115,0.0070505136434528826,0.016019933895017102,0,0.012828693286764947,0.007170121632796178,0.00937922457339635,0.004567970105102903
2004-11-30 00:00:00,0.04578488888383703,0.033341707495531114,0.05170229105337265,0.030560423747319376,0,0.026492920852813517,0.01101235780640386,0.006910854449044379,0.004459056129770156
2004-12-31 00:00:00,0.03144905305937962,0.0334983068507424,0.03127072697290356,0.052310450680502996,0,0.016054008656890106,-0.00019445897816861013,0.00918600389094082,0.004566102782785908
2005-01-31 00:00:00,0.014357947166126372,-0.00991254971722566,0.01003080045787641,0.00440926668835151,0,-0.0033698934986489126,0.0006607932990330134,0.01102526206387866,0.004553362522247584
2005-02-28 00:00:00,0.02162055703807586,0.024966523343877167,0.07048218813165241,-0.014418850912679804,0,0.014322625921082022,-0.002619806248751577,-0.0021727160747136987,0.003984436796940383
2005-03-31 00:00:00,-0.009738988663691828,-0.010073969782897652,-0.047106847191980106,-0.012705234389668862,0,-0.0015409774199635073,0.0016315180841077748,0.0074227058224032305,0.004696949091565594
2005-04-29 00:00:00,-0.031476310724973144,-0.022879696124399218,-0.03632646282307528,0.0043107091539176245,0,-0.010362531103341954,0.015723182529777224,0.015286518270904548,0.004963357703031246
2005-05-31 00:00:00,0.03206413002711117,0.035534805644442224,0.04421518054532059,0.007637603097121914,0,0.0014640356460853265,0.010400727311791647,0.011617013557018385,0.004847065625392055
2005-06-30 00:00:00,0.04769301692082917,0.016818301554173187,0.03767614451248669,0.04473700695328975,0,0.013061717409267093,0.0058395722348034695,0.011357811891509861,0.004633782305218936
2005-07-29 00:00:00,0.026485758818134197,0.03758604378465735,0.0671098240533543,0.024428632816013263,0,0.019230165950371747,0.0045691010745172456,-0.003789071700589841,0.00479699656118604
2005-08-31 00:00:00,0.02013744968622655,0.0008460741452074316,0.013399189983758664,0.018636933417226276,0,0.008833487226838965,0.008188757535511515,0.011107605970545942,0.0047837984560883395
2005-09-30 00:00:00,0.050921977403731056,0.03286951375197966,0.08684847163122367,0.001192277489417748,0,0.01626140281294819,-0.0061506619999581735,-0.0020907090544844964,0.00456087699580876
2005-10-31 00:00:00,-0.03843079601796118,-0.01915697010677586,-0.05488228843416787,-0.018044602162674006,0,-0.014560192134494221,0.001779397265790461,-0.004458729110814685,0.0047747048129418435
2005-11-30 00:00:00,0.044381288903268645,0.04220611714788314,0.07342964638036098,0.03409799337619335,0,0.014805788271134768,0.0074883069655724555,0.006345153332941056,0.004633755911671145
2005-12-30 00:00:00,0.03103256933659493,0.02156827858400745,0.054432720348104535,0.05322601155797102,0,0.0161208009366276,0.00922707028640879,0.009697849667233971,0.004726805638924247
2006-01-31 00:00:00,0.035567572723006036,0.03214059479459919,0.08098063165241665,-0.011814579960826577,0.03526999999999991,0.0322618766249112,0.0016531900753211648,-0.0006994822529966527,0.0047899625145841895
2006-02-28 00:00:00,0.005801943791397202,0.00323195796322695,-0.0005326790527998559,0.034559688659607124,0.017715185410569045,0.003377218088151057,0.0057107968596785685,0.0033663763465507923,0.004305198418954159
2006-03-31 00:00:00,0.047711009605404975,0.0244539083796822,0.01415581898640128,-0.005629502617915505,-0.0076119247159764925,0.01822693821666954,0.0011376191407592717,-0.00844546142434588,0.004740061413525121
2006-04-28 00:00:00,0.026024437461311223,0.009082623672903578,0.0526638479484669,-0.0026437337790877757,0.011084650771334914,0.022158724822814113,-0.005582995656402745,-0.003764565438776235,0.004422016766434389
2006-05-31 00:00:00,-0.04735952195674942,-0.043913094062372204,-0.0785988215093455,-0.01361537341936847,-0.007595679070735328,-0.01299057224292921,0.003985028425346648,0.005353506155645338,0.004836404261707283
2006-06-30 00:00:00,0.02040446558620479,0.0050152474868865315,0.0005377138541358129,0.06180860482378092,0.017032836105418614,-0.001055145221302789,0.0017347580351030345,0.0002456988007153438,0.0048047432813647095
2006-07-31 00:00:00,-0.016811841323731924,0.00552233445628092,0.010350556911653097,0.02399932621649503,0.009624936739704992,0.0028630197909718103,0.0008130795567724558,0.010979907950911416,0.004823342160499733
2006-08-31 00:00:00,0.033428982886950065,0.02558907103528285,0.028370378190500256,0.037147768584165464,0.02785693731492911,0.008536821974001407,0.010564190174414678,0.016174349536546284,0.005226019760120826
2006-09-29 00:00:00,0.013112319750994805,0.018080771342663615,0.014317019722425162,0.038220121571628685,0.01210150817303357,0.001291670101959408,0.008402176906771697,0.007609971625559098,0.005108746915853946
2006-10-31 00:00:00,0.04713578861701717,0.03084518271906722,0.03506545577696363,0.009013275485418415,0.04541804229499413,0.017703244222429637,-0.0018520531719826705,0.0051265092214687336,0.005064791283144077
2006-11-30 00:00:00,0.023705662861556176,0.011271987968022312,0.06531051263825738,0.052271798210419496,0.02953226357118477,0.02071253270045048,0.007566555629110239,0.008281888094676004,0.005157464176910986
2006-12-29 00:00:00,0.03670533035901946,0.026464930868197234,0.0394965844703723,0.07146968051049263,0.024456972309732983,0.018336988400665888,-0.003035148506289387,-0.0035994026735217677,0.005336192370816839
2007-01-31 00:00:00,0.018865865230243584,0.017930804234351783,-0.0028561434252663,0.025655056651279873,0.021429149469936126,0.013284554111206104,0.00467862296399657,7.2498096925111e-05,0.0054831372718091576
2007-02-28 00:00:00,0.016203946436813554,-0.011814019839560874,-0.006811710693023443,-0.006598650811575069,0.015077088846281894,0.007400199728574197,0.011967906605104606,0.012173797837463418,0.004920113032121254
2007-03-30 00:00:00,0.033024536923593306,0.01509018706853471,0.0324266491090901,-0.0392486350951069,0.026537413850969083,0.012353210309592688,-0.002655347044636547,0.0006692853588272651,0.005235232545655943
2007-04-30 00:00:00,0.029989025581488082,0.03497547950766178,0.035364103790505697,0.0330019307998588,0.023266246454938688,0.0202119112182384,0.006917761834688729,0.0034200806800919192,0.005475044791557915
2007-05-31 00:00:00,0.026426006293599258,0.03371800573558059,0.039135107389763224,0.04232235103515136,0.0074601912602818565,0.023084684862057836,0.00048687343111253334,-0.005806556741982383,0.005401572223692419
2007-06-29 00:00:00,-0.0011312683907517274,-0.00972767119670237,0.04619127299221404,-0.04891387437890171,-0.04068296640483815,0.007793894782420541,-0.004504470808582739,-0.002362659587759275,0.005184465928961268
2007-07-31 00:00:00,-0.02041878329191016,-0.03056481690248458,0.04803231860621593,-0.04548179355197379,-0.036249990389716324,-4.7738393603058427e-05,0.006689795949037958,0.014518890863123524,0.005251968998959411
2007-08-31 00:00:00,0.02221684891798348,-0.0005122875609935296,-0.009570523126652408,0.08098322234774868,0.013162723167988277,-0.015300885589478064,0.008580840641559728,0.014012286569287546,0.0053072133744060945
2007-09-28 00:00:00,0.055814831044582514,0.029983409764891666,0.08391944370213267,0.021323968530106763,0.018526975528329714,0.027053233782604602,-0.0004846590314699917,0.004041941698893048,0.005726315104092716
2007-10-31 00:00:00,0.029420701856265996,0.02143259503278694,0.08953164792681356,-0.0021863897239682295,0.03896194253113494,0.03162764350453173,-0.0003934385811554808,0.009108326360786956,0.0057301058821448425
2007-11-30 00:00:00,-0.028923300379515626,-0.042900450189455874,-0.06161397562402349,-0.06241042594255797,0.0020312953414138857,-0.012057289283426309,0.004560959134750853,0.01496282787692138,0.005570631617181299
2007-12-31 00:00:00,-0.02635376675034684,-0.008102176639427694,0.006192697029865579,-0.0657597065117701,-0.0040023761788074985,0.004654825038790111,-0.0016122654940904368,0.0029799770157918903,0.006030313962549716
2008-01-31 00:00:00,-0.10997007357470401,-0.08406140704283849,-0.12436643992779717,-0.14423828586595688,-0.037895788445624023,-0.014798764464524439,0.012221504946210215,0.020025428373437126,0.005968799572758865
2008-02-29 00:00:00,-0.006663010464718067,-0.01721744781378387,0.06113006918077857,-0.047229574993308265,-0.019488872357572462,0.016050538137576176,-0.0061602233914161975,0.00905858638164636,0.005413615022893392
2008-03-31 00:00:00,-0.03419572572345897,-0.02128662151466021,-0.04220138677378904,-0.0006153983366405935,-0.003801379877186095,-0.021093354211762505,0.016030971795442772,0.004490335560335401,0.006660500016843374
2008-04-30 00:00:00,0.04512087648692531,0.06143840520820065,0.07242245669119907,0.042792059150316364,0.04798813188208051,0.0057163020465771375,0.0001525249718141719,-0.006353876384524004,0.006532195152435971
2008-05-30 00:00:00,0.017103447816297912,0.016000288047398614,0.018515105130855858,-0.08665066303803648,0.03849327408573733,0.019975206418263003,0.001089772153460844,-0.006959279456361767,0.006559153065289092
2008-06-30 00:00:00,-0.07566117503950764,-0.08232821302440385,-0.0987846011005209,-0.10255941756033105,-0.03694254515766904,-4.586419611529724e-05,0.002876433511123322,0.0028894748658643277,0.0062893620647965776
2008-07-31 00:00:00,-0.04694673734882826,-0.018188315089532336,-0.05097639766013795,-0.05213618993923441,0.0027399748709486804,-0.02607499140006886,0.017875043128749102,0.016538771025397914,0.006678440505234917
2008-08-29 00:00:00,0.04038101246759451,0.011558676127848111,-0.048369488552380546,0.1025119926859761,0.025158514492753747,-0.014716963360647983,0.021625157065421563,0.016069690005095616,0.006678847508392982
2008-09-30 00:00:00,-0.09939271441970399,-0.107826411866215,-0.123807283425872,-0.060210208710073876,-0.08671482111432649,-0.06550677532681692,0.012849884123985467,0.006228018230665766,0.005861301489893167
2008-10-31 00:00:00,-0.12883528712192815,-0.16369086831259438,-0.2231473955594132,-0.24047329226222425,-0.09241671772711135,-0.06298910541660274,0.020080079521849648,0.008980336453528137,0.007143993208885258
2008-11-28 00:00:00,-0.06295263841429777,-0.06073537533709594,-0.039952278827990684,-0.02326281239283645,-0.02839046663054201,-0.04145855509156904,0.02960206426087253,0.03220659097444312,0.005446739866943329
2008-12-31 00:00:00,-0.001370571722468017,0.010230776000724529,0.04596918949839246,-0.11701357790276945,-0.005357616317872904,-0.0003416856492027831,0.012479883986888707,0.023904342531653855,0.004256973565862188
2009-01-30 00:00:00,-0.048398128952952035,-0.07092552283505138,-0.0295837065673471,-0.09722966064560101,-0.04358816446213387,0.010937678022103325,0.014067100173757119,-0.012652442244955653,0.004005694851198172
2009-02-27 00:00:00,-0.04559879810643774,-0.08957563535108237,-0.028479121626545534,-0.15492755186423612,-0.07803054330171366,-0.008847064127127324,-0.01228059149729066,0.004608321386316616,0.002910092239648998
2009-03-31 00:00:00,0.08069777019789393,0.06359986774905457,0.1046091222315011,-0.006137253233492124,-0.0034921296778900324,0.006538177269884704,0.001152584464347406,0.01140925197760545,0.002629034177033196
2009-04-30 00:00:00,0.05704761235548683,0.10332378307942003,0.12191478188435978,0.05652885839959776,0.02512683717767672,0.01683235427022156,3.53273975224333e-05,-0.0007278270843102952,0.0026433010907342958
2009-05-29 00:00:00,0.014571350700550267,0.056237872367218555,0.12473065345288159,0.015477963148671448,0.02545996306009357,0.040606599266748145,-0.007194759123281158,-0.005825829592171483,0.0025143691672036006
2009-06-30 00:00:00,0.03959938503305516,-0.0006804097391320818,-0.013586478816645209,0.03828467116878964,0.038142339688731486,0.004297229488068988,-0.006142456644278482,0.009526714715584195,0.002674859541481389
2009-07-31 00:00:00,0.07339224040134118,0.07417117268024143,0.09845205967717274,0.024018369248801408,0.0376419841840403,0.025380710659898442,0.003136366388527989,0.008787923173915857,0.002651018168562169
2009-08-31 00:00:00,0.06638642140197937,0.03722547035980184,0.00048010860387748266,0.14950228451875014,0.02510808114399743,0.015266186304494278,0.007164618624719399,0.010707586084351961,0.002530300860813073
2009-09-30 00:00:00,0.06264746815497557,0.03074316394948018,0.06299311622981207,0.09418716638644486,0.017374065062629507,0.03040514666462446,0.007235420678576077,0.007367833089547027,0.0028294494828740024
2009-10-30 00:00:00,-0.020710420770525206,-0.022447704309839667,-0.003925976201298975,-0.09157703152272834,-0.02565147301103654,0.001263564739111045,-0.0007545092490761629,0.0013283576433420485,0.0025577725303260745
2009-11-30 00:00:00,0.018017389940326867,0.030924930105192594,0.0328162459014858,0.012546701153672624,0.0609534372102325,0.021057580481528282,0.014982147344469343,0.01198168660875587,0.003035439788187988
2009-12-31 00:00:00,0.036887740580030526,0.03693092631880357,0.04177561495254678,0.03221071582071633,0.042276812873264014,0.008821248545948013,-0.003812339055356162,-0.007247778156675877,0.0032261074885675534
2010-01-29 00:00:00,-0.06167027317573981,-0.03617291866139216,-0.04394078481042074,-0.027654476175511533,-0.026808395195698886,0.0016815604881330604,0.013467135866548352,0.009835041735234196,0.0034686555414940035
2010-02-26 00:00:00,0.02045943385406268,0.019454956984682248,-0.0016863662605207663,0.013679150002019913,0.01861800979895256,0.00681087821957882,0.004960436259690892,0.008224031350959837,0.0034528720434034987
2010-03-31 00:00:00,0.05741361445170989,0.0652269888994037,0.06227267885133392,0.0006536051905818852,0.04689676905725482,0.02219999047210708,-0.005832910021111526,0.0038708383376084843,0.0032679180023904575
2010-04-30 00:00:00,-0.013459694882520301,0.002507840599579314,0.001002822228270972,0.03966863151186861,0.007073883665111191,0.012396886796849582,0.005509581965968069,0.0071934037753125235,0.0034638039936378817
2010-05-31 00:00:00,-0.07540079864546712,-0.07575326931082493,-0.05215176105219477,-0.03835427520686485,-0.05443161438504862,-0.027643511485522243,0.016453099495834733,0.016498456083483548,0.0037524321204658317
2010-06-30 00:00:00,-0.02646714967732955,-0.04167482063850525,-0.005166920835283473,-0.010739837787019813,0.008643063920407368,-0.008427032784944943,0.0136508407762026,0.011324762235887409,0.003950813925755803
2010-07-30 00:00:00,0.04476068203692862,0.05738122043611393,0.06166333772470356,0.009833609844885016,0.047793420260451525,0.01587528945546568,0.0027274740534426467,0.009334745957207291,0.004221350716766548
2010-08-31 00:00:00,-0.010810172862322887,-0.033640849888085134,-0.014135892128046557,0.04009985086173229,0.01268044645246591,0.002349955350848365,0.01920623136371935,0.023440298770652346,0.00405984793598102
2010-09-30 00:00:00,0.04787735669444637,0.06951076635466569,0.07725548427512452,-0.009546447877928133,0.02219855895909295,0.03432268954845963,-0.009024586469313811,0.0008809885571239295,0.0037148721775626115
2010-10-29 00:00:00,0.018352491013166272,0.028493902885130762,0.023126086979932126,-0.002198652937988821,0.028635952339312265,0.019221179563896795,4.659345602897602e-06,-0.0005150809542361356,0.004199227390926374
2010-11-30 00:00:00,-0.009683499869310719,-0.003290932991759532,-0.010685942236443147,-0.022593609856772612,-0.00593588066144779,-0.001845839078414846,-0.002197915547022977,-0.009648354268242176,0.0038871618271614228
2010-12-31 00:00:00,0.0377321212164885,0.056555905865696365,0.0446683387814486,0.014225157572197444,0.02745471310865888,0.029031036249805187,0.0002656834126115726,4.073234001356063e-05,0.004241780277211449
2011-01-31 00:00:00,0.0010535197281045239,0.019387959556348644,-0.021193334436622413,0.024505737050545484,0.018274853801169666,0.0068852033083619535,0.009201633792650377,-0.0009944693227036394,0.004284287640124784
2011-02-28 00:00:00,0.02331866432540619,0.029231091597947234,-0.013986541497915006,0.03043614444945253,0.03121690489221196,0.013826767589884659,0.0042416827638569465,0.003273150727101992,0.0037098764707168552
2011-03-31 00:00:00,0.00668097786941968,-0.012745104436512555,0.04291887385771265,-0.019165041777566838,-0.0232415480580348,0.0012301949222643938,0.006828359595806965,0.002908600095796521,0.004187933750276374
2011-04-29 00:00:00,-0.003177606752856277,0.022675808901385208,0.008048910665185982,0.0012698796637842236,0.02084494718198049,0.01802775129753198,0.004789398358551411,0.010806186593043998,0.004026487719350325
2011-05-31 00:00:00,-0.020176610433030984,-0.01272593862199145,-0.015926627604983423,0.0005284454644278735,0.00577187610166785,-0.009572165806559063,0.012839230848821215,0.013640896475122233,0.004164874696289456
2011-06-30 00:00:00,-0.019755834319880372,-0.015851056540715613,-0.018933212296770807,-0.008277121342447957,0.009085785762394938,-0.013614589461299231,0.005514092085384226,0.00290164576193086,0.00404189433080826
2011-07-29 00:00:00,-0.03830899878583682,-0.027254118715499986,-0.009583020353846616,-0.06601641851229101,-0.012436658856862626,0.00687995228763727,0.01673646037298715,0.012767077378280645,0.004182314573434542
2011-08-31 00:00:00,-0.01978511099165381,-0.06765690559679649,-0.07329106483036618,0.032021831215379715,-0.008710464971930731,-0.02299507097374709,0.019912789243096807,0.02316483739552866,0.004262226927331136
2011-09-30 00:00:00,-0.06275386022993978,-0.06061561735557275,-0.07420255544731647,-0.04518868743636095,-0.010950707899954781,-0.03200242508227957,0.009001716226727519,0.01526803726105741,0.003868318089416789
2011-10-31 00:00:00,0.07231493367565256,0.08548594961139422,0.09058958476714829,0.03576211497445558,0.05255309121348328,0.017290743971726474,-0.005715541909725674,-0.0022801069721408718,0.004201322599896251
2011-11-30 00:00:00,-0.03438723807049138,-0.012824951353798242,-0.03852011409627498,0.026178846215241247,0.017195519674935822,-0.007871764990435182,0.017331881872076904,0.0014529116484511828,0.0039235024063035695
2011-12-30 00:00:00,-0.014389530925894789,0.0058682093728141815,-0.00017794269078530434,-0.026047662010391104,0.028198810814362263,-0.0021719376786860645,0.007793622816856249,0.020181852055108473,0.004032168979476669
2012-01-31 00:00:00,0.05131901281163298,0.043267798306066085,0.0741627911047833,0.05638740486971239,-0.0008306868502271358,0.02336583523976632,0.0013582219765722048,0.010721963146789415,0.003893638499001595
2012-02-29 00:00:00,0.020354930580718023,0.047295408257730154,0.04531663792049745,0.022141755616703618,0.016857776896659793,0.016104177970700073,-0.0021208137816377537,0.0048158246501874835,0.003324542588925672
2012-03-30 00:00:00,0.01217402686412239,0.017628571314920904,-0.014174390475225285,-0.0058500292131674625,0.015182103482324294,0.000491274537027131,0.008615123179815054,0.0002823329160719368,0.0039046104233182444
2012-04-30 00:00:00,0.01303132463181389,-0.015327933608488165,-0.005706468736985881,0.05608456949011309,0.01947130723529722,-0.00038428693424408245,0.015939928296352157,0.009459550143668505,0.003783102782175085
2012-05-31 00:00:00,-0.06737363988867939,-0.0676490657299339,-0.06712898531130951,-0.01300357140341346,-0.020381623723869646,-0.013305710990559994,0.030965636149222764,0.01836268817152309,0.0038096990894722627
2012-06-29 00:00:00,0.005355345317114457,0.04283141396130841,0.021423334640500613,0.04196552831602607,0.040017120950833096,-0.004004415679993101,-0.0016304790593391072,-0.0005313296574129822,0.002837831051991202
2012-07-31 00:00:00,0.04199336842314261,0.013468908551146574,0.01753536702416225,0.05489914038151977,0.014815963544617894,0.014213065588733809,0.0037157131754146366,0.013547202643573009,0.002924897226794121
2012-08-31 00:00:00,0.02136894834806613,0.020029757934777903,-0.0018619377276156701,-2.597233945844657e-05,-0.008204959416013846,0.008399760006857049,0.0062755514746069,0.003828155572618064,0.00299114640269571
2012-09-28 00:00:00,0.021814109225125833,0.021495778649299302,0.04274283898572029,0.011356700388296614,0.012029986073661458,0.010412239694007619,0.009730072205970108,0.005778693882124486,0.0031321020565449054
2012-10-31 00:00:00,0.029183660280168944,-0.004612594871371889,-0.0026243133834727983,0.05266604603383507,0.01855072463768126,-0.0017875920084122754,0.0001815456799187931,0.003800156044681424,0.0029658018521994123
2012-11-30 00:00:00,0.00391776329591087,0.014697326738655647,0.01605596409532417,-0.013899901194208253,-0.00613419338518939,0.006425787422311258,7.771433795933369e-05,0.00926480771920879,0.0025433677821962153
2012-12-31 00:00:00,0.033331052004754946,0.019128279245995472,0.03940451255676991,0.023565212550795245,0.021258011522709896,0.014821017374921475,0.0018191539663565681,0.0021851659951057645,0.0028751543666376556
2013-01-31 00:00:00,0.049797435128345224,0.053730187149996445,0.013809047582231893,0.044836816948558456,0.04819570549019825,0.02066916952019482,-0.002258976725011186,-0.0022722198643221336,0.002684354114091958
2013-02-28 00:00:00,0.05291562237634606,0.014745012052506556,-0.009751393583366519,0.03454996558883572,0.035199394790878635,0.002384801940177761,0.005941944950288436,0.007904056160459305,0.0022456536231809654
2013-03-29 00:00:00,-0.022538203800095635,0.026757074707632222,-0.0088264081760413,-0.02856615776792648,0.04504786662073146,0.012117424089681084,-0.0020274241778389657,0.009552635537061871,0.0024631433027595406
2013-04-30 00:00:00,0.04296402559586765,0.027868907299797963,-0.0008747108316269347,0.082688334781583,0.05584803500429558,0.013864818024263315,0.015420594242733454,0.012512876708216325,0.002613846085931737
2013-05-31 00:00:00,-0.0453761808533677,0.0143704761718082,0.007962071041541341,-0.036589384613749276,-0.03794025120041622,0.004185086943707672,-0.0007450968025490834,-0.013743320145972793,0.002568744804522627
2013-06-28 00:00:00,-0.02402844937722215,-0.024187917671898873,-0.050926548104346825,-0.009092012490483192,-0.005586015292700419,-0.01655318149800422,-0.010463297449940123,-0.008793825381685716,0.002299354248551877
2013-07-31 00:00:00,0.052970141516568425,0.047328268803673135,0.014569255095699285,-0.008290184288179847,0.03214177986342226,0.008813815606223407,0.008554985306231222,0.005495613745745143,0.0025316032037259184
2013-08-30 00:00:00,0.025129523500842188,-0.02062067147307889,-0.0009847327652381388,-0.00019088147944379408,-0.03957763415720861,-0.00542352825165171,-0.003206624306836714,-0.000757903405399607,0.0023137470112717384
2013-09-30 00:00:00,0.02162079041179532,0.0373265191639407,0.04219897238478132,0.01067455794078187,0.03290300696370485,0.012730517549077947,0.005007387971225352,0.008682500623574896,0.002110326189672218
2013-10-31 00:00:00,0.039346304735337734,0.039579229920241765,0.04016016403657052,0.02517390048225443,0.03658289224587574,0.015938283208019932,-0.0005619689278069107,0.010126626792146043,0.0021796640150930635
2013-11-29 00:00:00,-0.013575754841474774,0.021712298366257432,-0.00037468825698361297,-0.02850654946103115,-0.005474308024170815,0.01308638168292009,-0.0009872692352316248,0.001066989220112946,0.002131804817158134
2013-12-31 00:00:00,0.008234870112703963,0.02088127165489717,-0.009817169541945003,-0.015597543219587173,0.022978113405539125,0.011947113098069062,0.005251811969707809,-0.004691820427805915,0.002147706240164471
2014-01-31 00:00:00,-0.02995524031284158,-0.03241932976670081,-0.04449229166767121,0.005547905226591432,0.002697269301045413,-0.0028575188464646795,0.01087482581251309,0.016745219899491515,0.0022425762116466963
2014-02-28 00:00:00,0.04916399119062831,0.042120335112473484,0.02161531997789501,0.04276326912455897,0.03471898720302513,0.017156539280933636,0.003413208744249996,0.005822612663003657,0.0019931633720418063
2014-03-31 00:00:00,0.0020944606663497733,0.0018611782623372264,0.01896956718264886,-0.016413554558720178,0.016671080508474656,-0.004837723119126669,0.000189662363371923,0.003545963958089482,0.002179805448955907
2014-04-30 00:00:00,0.016835643589018234,0.007288227853051721,-0.0017428655230171675,0.057337370118630826,0.023044495673730125,-0.002067424101322435,0.009067176902622709,0.007740525082278404,0.002214476560950862
2014-05-30 00:00:00,0.006452074320022483,0.022491294970416797,0.028563450050993255,0.00043133015985197254,0.022898852086825627,0.0113104014632599,0.013728109345685358,0.010117792932424097,0.0022486284889879915
2014-06-30 00:00:00,-0.01446843354579952,0.013812165013912914,0.023948081013638323,0.034205837588501486,0.03687339498259634,0.009578296576543188,0.008045412690833142,0.0058400819475856736,0.0022021480824514494
2014-07-31 00:00:00,0.04412367196799005,-0.007834652873207393,0.02973990551660366,0.05053341101780062,-0.011131161249794963,-0.0030893536121672227,0.0029120545928160713,0.006363656622889957,0.002299183447243225
2014-08-29 00:00:00,0.006423594868980365,0.026413530807688934,0.01986001710603502,0.016317885607462168,0.04168369431957508,0.008783350142110402,0.0101417146022027,0.014793068916804764,0.002266144886329702
2014-09-30 00:00:00,-0.053674068577913125,-0.009948637895808798,-0.042498726662802744,-0.05209107588088624,-0.0051349976111773055,-0.00010906314756231605,-0.0033299934070599724,0.0003003047729754904,0.002073740439092253
2014-10-31 00:00:00,0.04265441726576591,0.011377155616699941,0.014204219765303838,0.0678670153898071,0.049362230455984646,-0.007998836532868148,0.009566538976610861,0.009114820491050057,0.0023114607058905
2014-11-28 00:00:00,-0.03242297737862576,0.02888480761124823,0.011265268474203616,-0.0017846188165745458,0.01106522305316826,0.014972144846796764,0.012676388809881534,0.013803175217559804,0.0022487593092135327
2014-12-31 00:00:00,0.02040252489652694,-0.0077718387821164026,-0.02486609019127417,0.046017468387433036,0.016471384832783764,0.00012638801119435605,0.016851446969472716,0.010541607448748103,0.0023181179782798544
2015-01-30 00:00:00,0.03223589931152171,-0.005468949760512265,0.014204721304560186,0.07755305512035338,0.021797842299616343,0.008069757365684715,0.016103641563658844,0.023129807196341945,0.0025142667528972318
2015-02-27 00:00:00,0.0692222843136805,0.05893895294960161,0.03285795984981554,0.03694815279888952,-0.012808202918782041,0.010566091799638189,0.0027981751185661707,-0.006359739220246907,0.0020897326483941825
2015-03-31 00:00:00,-0.0005173750990935533,-0.004308327856328842,0.0014225529353832922,-0.02114793997793174,-0.0111834502164192,0.005989827925357627,0.007597038379279608,0.009723061433327906,0.002052870174915844
2015-04-30 00:00:00,-0.016474947430247577,0.010413133513668127,0.056779762880402096,-0.01224097797600654,0.009625784907988821,0.00021139042049078682,-0.011079881710328476,-0.005096630415985404,0.001797222584997371
2015-05-29 00:00:00,0.004287145432981143,0.012676782001825426,-0.025136695646419405,0.031076448970847714,-0.0036777129873958314,0.008260096162313602,0.00036174364449448326,-0.004017513077415047,0.002002632962091022
2015-06-30 00:00:00,-0.05315258716397242,-0.029415305590111962,-0.022568895696021052,-0.0426064962619922,-0.04225677367674696,-0.013135830072666277,-0.009256698627027271,-0.010407652540419532,0.001758948831373175
2015-07-31 00:00:00,0.04313414852351083,0.024938858549438336,-0.0435734717706755,0.05724027979499513,0.038485012884849956,0.008726281506655331,0.013000126109606658,0.0141134325338661,0.0018036206657969789
2015-08-31 00:00:00,-0.07697734854798699,-0.06653811222808026,-0.06490123330723763,-0.04134312862438272,-0.052364834223977974,-0.019881029672393025,0.0063707992300119365,-0.00026544537731298945,0.00180943568471581
2015-09-30 00:00:00,-0.028578776439352582,-0.03549369332196306,-0.01711058910319252,-0.0031789693880073244,-0.00818501659590598,-0.014089802348897007,0.0025002280739729876,0.010317046938542962,0.0017618523082705284
2015-10-30 00:00:00,0.04420466426955927,0.0787407422638271,0.05424496275612101,0.050290407065608056,0.04310787390329285,0.005266120684958908,0.002991765653257872,0.004255548618181226,0.0018910784569130534
2015-11-30 00:00:00,-0.006816558120205762,0.0064067057612273715,-0.026875626457831814,-0.0288340517919512,-0.021743715747911896,0.0020412218428800255,-0.008759280284306281,0.002023979810017007,0.001667043605446894
2015-12-31 00:00:00,0.02728074787983692,-0.0215745930771456,-0.010709266282898033,0.03750248059064387,-0.021160298528916655,-0.00849077011825794,0.0033283328450042227,0.0001239633004066487,0.0019155021730612454
2016-01-29 00:00:00,-0.05449728698420808,-0.05414609976410356,-0.05223582872350252,0.013154967073546686,0.0058507781071148734,-0.01410883438482935,0.012222080881926223,0.02149528336144213,0.002010060912339462
2016-02-29 00:00:00,-0.017247140914659176,-0.015335762073472647,0.0006468089475237804,0.03019876939436794,0.006028054079598055,-0.01084370677731672,0.010343393843954773,0.014049494591693357,0.0017788323736693812
2016-03-31 00:00:00,0.047761546062259574,0.052654697603085276,0.08327155854582569,0.02366624904164416,0.052923025220353415,0.0028525085295598718,-0.002131885166716585,0.006537906991020304,0.001980636869681973
2016-04-29 00:00:00,0.03339764538271406,0.008588476871465023,-0.0007742925405083145,0.027236558000533373,0.0015741177324000155,0.0033835285369028245,0.0025871925555518427,0.00046190348817631843,0.001989492459619324
2016-05-31 00:00:00,0.03136323225389814,0.017612127643660047,-0.008056986592226534,0.025977351618960975,0.010642997856190828,0.0035759282590972497,0.012560537041476971,0.007133918636070602,0.0019351063237087462
2016-06-30 00:00:00,-0.024422295367439006,-0.01315835564771628,0.015927127479132608,0.03656507390665298,0.04400124694087437,-0.0010154158589493756,0.013268510660416233,0.02344055811701251,0.0016484131514098443
2016-07-29 00:00:00,0.06359226998426148,0.04119752875927629,0.042366922901465154,0.054203732191826726,0.01620658765869365,0.011458140824246676,0.007353786370430715,0.004032484436117256,0.0017301524703314808
2016-08-31 00:00:00,-0.015568544153719888,0.004207263621560875,0.02759442155938263,-0.027465834253302512,-0.02815069996791464,0.004659236250685206,0.004218323305960059,-0.0022255239459858522,0.001689272066220715
2016-09-30 00:00:00,0.00514342340995988,0.0019492830228162727,0.004425808434502132,-0.04295919365887069,0.02042397914856653,0.0012367009184321986,-0.0022481392187545524,0.000490869174075037,0.001415932206734638
2016-10-31 00:00:00,-0.0217479377396399,-0.006691599312787733,0.0061351704602581325,-0.07712338104976146,-0.010251100886498832,-0.0017801028100195015,-0.012763934083563688,-0.01162651381906532,0.0014612039131101096
2016-11-30 00:00:00,0.02804952825921303,0.026340821016960447,-0.021792919473511696,0.007570945297150411,-0.016296362566539546,0.003639341279228381,-0.01439944503872137,-0.01523201687395448,0.0014454755969062205
2016-12-30 00:00:00,0.04340440061232176,0.027760819385907354,0.0013968434447180211,0.06966446987413044,0.03355941807955065,0.009627413652434136,-0.0017156296786938752,0.0028201279089878906,0.0014513170615448878
2017-01-31 00:00:00,-0.007746822432761591,0.012872112243588862,0.03972013394540164,-0.05027961676055759,0.008785853287080148,0.007003555651330595,0.006119100573706682,-0.00572811785941596,0.0015699608195376413
2017-02-28 00:00:00,0.02183132603853255,0.030965290088437847,0.016822334224182667,0.040778625678771885,0.03626317219722819,0.009665454026678066,0.0017199706791646285,0.008996924687561414,0.001344434028539343
2017-03-31 00:00:00,0.03275263990488475,0.009639198901191248,0.019325485392089448,0.00615689686851062,0.011493136493136547,0.003938676745911307,0.004411181931214925,-2.5694783897689533e-05,0.0015015187365847726
2017-04-28 00:00:00,0.009827563463378874,0.011524789485289011,0.02325385180505446,0.026299559319581167,0.01860576769196287,0.004310268995971311,0.00751431982405415,0.006786044437211647,0.0014850577624294647
2017-05-31 00:00:00,-0.027431482884989422,0.014820722914444806,0.024617841248006478,-0.01115602317820763,0.032933952985611636,0.00818063973653782,0.01165341011837695,0.005054012978671363,0.0014874338460459935
2017-06-30 00:00:00,0.002205321821897366,0.00022655010480088222,0.016389195300324566,-0.04980597060531056,-0.015274211800781035,-0.0048824561708337155,-0.008977604279646556,-0.002804515278667985,0.001433034793467014
2017-07-31 00:00:00,0.00014056380451132888,0.014316192802627414,0.0488923048401797,0.0009075544979328942,0.0027061843727118617,0.013654141639893647,0.0024791241870838476,0.0025471388948594686,0.0014574620066374333
2017-08-31 00:00:00,0.007493561428022044,0.001480552330753504,0.02108625609868353,0.008713904764624525,0.022425973337769856,0.005873841595755769,-5.890451987011769e-05,0.010135454890452422,0.0014208168680780453
2017-09-29 00:00:00,0.00035262674441050024,0.023204980298931588,0.004439211471990001,0.006578947368421018,-0.007536355911263226,-0.0015241030910182474,-0.0031139294917867932,-0.0057296417357401985,0.00141611533556385
2017-10-31 00:00:00,0.04015352798299343,0.025419268690992203,0.03891466884474881,0.02106340115389882,0.020795064322300716,0.012811717490481378,0.010946792654064952,0.0042774350323344645,0.0014680393493686772
2017-11-30 00:00:00,0.01693449864060592,0.01573401711271072,-0.008226449391180668,0.051463752246761585,0.0216028268383075,0.000999102501143101,0.008695304403774973,0.0031211869564304884,0.0013323247661940485
2017-12-29 00:00:00,0.018588389590078913,0.011031730162880615,0.025629723580181896,0.0044929985197994515,-0.021364373495133537,0.009084449857896804,-0.00520216316922073,0.001199641004291374,0.0014330639355084607
2018-01-31 00:00:00,-0.003911133763319752,0.03765540794943267,0.06768383520782484,-0.030899535757133223,-0.018138761375773083,0.02712534996395566,-0.0026766029643555678,-0.006189524524517154,0.0015585023557638245
2018-02-28 00:00:00,0.003381364305527823,-0.035311408666120814,-0.038696148840642874,-0.032971358214076596,-0.04315312967754836,-0.021234922552108015,0.0029320187958368216,0.001046172145328761,0.0013378541122033294
2018-03-30 00:00:00,-0.03725578361165682,-0.023093273986174445,-0.018713506428164828,0.0005079020514373589,0.018537518366519734,-0.0006336924257078769,0.00842300023666942,0.011373445996609943,0.001382871777490191
2018-04-30 00:00:00,0.037784634145535234,0.019407782833420928,0.011649342479200131,0.04575056588422233,0.027067023995324124,0.0005172874115606518,-0.0034669803716892433,-0.003303202807277361,0.001640618872807531
2018-05-31 00:00:00,0.011933705659405325,0.012712167751691261,-0.022151793216586446,0.03022665837658467,0.013712645904974119,0.002751880451641986,0.0068598284138767784,0.0026768593501362847,0.0017266834115643448
2018-06-29 00:00:00,0.031876085313962355,0.003293657863782773,-0.024648397606938488,0.019544814943908584,0.025782215825275623,-0.0022952564699620925,0.004771998792178378,0.003322223630684684,0.0015139117331264274
2018-07-31 00:00:00,0.013058057363666054,0.03145704835476715,0.016947167489407056,0.009034275801815816,0.02591145681714968,0.0036008401960456737,0.0015950994891353876,-0.0017051718516158942,0.0019028605779289887
2018-08-31 00:00:00,0.014032746244738492,0.013389377407976522,-0.005498764969480985,0.03565355970912476,-0.0021281606732932445,0.0012458057871831407,0.008111151042747844,0.0010302449202790331,0.0016742119765731367
2018-09-28 00:00:00,-0.01193635797350312,0.007276822042323827,-0.01160278480662591,-0.018392921512024096,0.00316492591002282,0.0010285847006321625,-0.00424891220532142,-0.0037448581481014376,0.0015781226953361926
2018-10-31 00:00:00,-0.06156051019904485,-0.06804059695480869,-0.07777670913081114,-0.02438783539831213,-0.01769091218323038,-0.025721341089510852,0.004843849312699211,0.0007037600938901711,0.001680819872710071
2018-11-30 00:00:00,-0.021762141762930787,0.011500904891818209,0.02967131734732953,0.0016953870290241646,0.035620810356121524,-0.005868644428190017,0.002428474519188928,0.006283650480777281,0.0015455455518957883
2018-12-31 00:00:00,-0.0022661587024543905,-0.07863471999035077,-0.025070622769443718,0.023426842823220273,-0.05524363093264373,-0.011909243352383414,0.015033547456837493,0.015703408396341656,0.0015223426054964406
2019-01-31 00:00:00,0.03867766128387329,0.0724102042891519,0.07164174593700179,0.0577772155491858,0.06891171690895614,0.017698195546011597,0.006399790678379258,0.007392960720519426,0.001803044980856594
2019-02-28 00:00:00,0.06008414330969236,0.03337525472651692,0.01096873127225284,0.022833274509746815,0.03764120279673966,0.010788184045739335,0.009374664997247262,-0.0005289937005330536,0.0017300902078196678
2019-03-29 00:00:00,0.007331287905680828,0.016125995042983954,0.01371601724657956,0.059077000293730864,0.03110374829816198,0.010908723611999571,0.01821595196553427,0.017110488911514343,0.0016538733566830999
2019-04-30 00:00:00,0.024616120113273965,0.03765276474754353,0.02561615327726474,-0.029449858230315762,0.011891345442166523,0.013588676103247321,0.002843380643684723,-0.0022293055076358925,0.0016368230051715393
2019-05-31 00:00:00,0.017456927996498228,-0.05697055260884121,-0.06603289486923214,0.030704139385195894,-0.009409437982322855,-0.010005586041468062,0.017009589977444284,0.015821147889172327,0.001509572407294879
2019-06-28 00:00:00,0.03643834581041472,0.058960551439458,0.04605644702278666,0.046319450239161064,0.022954615622105434,0.0199810810362282,0.010404822056304441,0.012316516875478412,0.0013243746694702185
2019-07-31 00:00:00,0.029695845443936664,0.011842711797608763,-0.009867867723541646,0.02396357228303514,0.001956730599946832,0.007191552366541343,0.009492069665834268,0.0073016034546837805,0.0011982295082089145
2019-08-30 00:00:00,-0.022718101684325087,-0.019498520059136215,-0.025294314456642875,0.0035223475617416344,0.013991666248305501,-0.0013731160040709733,0.01511812001668078,0.0257871034833399,0.0008358949096161084
2019-09-30 00:00:00,0.019079051297919536,0.02338654574170329,0.014704993081467777,-0.03417853351759503,0.019531926902567998,-0.0031705975605809122,-0.004874532476121796,-0.006412369986254607,0.0008455166364595978
2019-10-31 00:00:00,-0.003790496339854288,0.018782715628560043,0.029958319165121594,0.014122038467520248,-0.002629636464292262,0.003424101781831279,-0.004900048134162782,-0.005590469992738156,0.0008073855433758936
2019-11-29 00:00:00,0.03181256962023893,0.031508940863829826,0.005842230837040274,0.025386731011072694,-0.00399015485890819,0.004673879643555923,0.008219615052531326,-0.004141325684697494,0.0008221132148580335
2019-12-31 00:00:00,-0.020247997048930433,0.02275052141340228,0.05735714853709739,-0.038991923422076025,0.029599972624302806,0.016129551527639174,-0.016431128752242063,-0.005321602687756166,0.0007219528114021934
2020-01-31 00:00:00,0.048875188131509706,-0.0025157378245724837,-0.03291132758995885,0.051489165227045275,0.04168011926919157,0.0016158671820543091,0.023279609804724544,0.019794862343274877,0.0008154965260998015
2020-02-28 00:00:00,-0.0776436124169747,-0.08096336219888034,-0.03834979086143908,-0.0661226342483866,-0.08444605493756685,-0.01991269414481389,0.008596859464161,0.014750567659547853,0.000753945631255748
2020-03-31 00:00:00,-0.20829147145749727,-0.12837806381690164,-0.1296115318837039,-0.3884521507591847,-0.1193025252965263,-0.07282908644923913,-0.0021382051887857134,-0.0016388512926100995,0.0009934479822220066
2020-04-30 00:00:00,0.09022314875952353,0.10510585789930738,0.08796441808747235,0.15927605718975424,0.0564686396820866,0.024280293800257757,-0.0006926745001626378,0.007861507042059568,0.00047470979520602974
2020-05-29 00:00:00,0.04582928137286957,0.047219124197473095,0.006346593407391854,0.025903183498271032,0.044335528885512066,0.024860235518020746,0.0028538423919139966,-0.0009186266924869901,8.903477072275123e-05
2020-06-30 00:00:00,0.024328379268704126,0.02363103229359731,0.06627944975959932,-0.013321904872592105,-0.030315761429252186,0.011639474731396815,0.0030939979278727936,0.001022511013679006,7.499285927270449e-05
2020-07-31 00:00:00,0.006025392323646406,0.03391827255932944,0.08116638473899251,-0.04913718214879914,0.027419661633080183,0.026387386501458776,0.0037206823530522293,0.007531543359810877,9.087022618325946e-05
2020-08-31 00:00:00,0.030492977872416782,0.06268569818252723,0.021739607086476154,0.07719525083327206,0.0034867306243460128,0.01722981604496665,-0.004220282031896616,-0.009312648751658825,9.293921381048342e-05
2020-09-30 00:00:00,-0.03594777978933916,-0.028908005706350548,-0.01649159325743843,-0.01216128800402494,-0.000550916186430106,-0.00930882376026243,0.010754819208260713,0.006435336209617892,7.166991152218749e-05
2020-10-30 00:00:00,0.018875428602111333,-0.030527498205938697,0.014927513192879438,-0.018557458635894086,-0.008578519346535307,-0.0046585327206465355,0.0027858890615408693,-0.0006260354417090275,0.0001113598909234792
2020-11-30 00:00:00,0.1022812680486127,0.11972625938910508,0.07774426761177633,0.19702344546381245,0.05179235475745947,0.029896841569027055,-0.001087348903149099,0.0011244310167193294,7.022762900010804e-05
2020-12-31 00:00:00,0.013196385566281332,0.03506684267619842,0.0606605494129715,-0.010457471812514885,0.0026897714923559413,0.03780876124524668,-0.00272123808223268,0.0017912166635403182,2.5650020960776843e-05
2021-01-29 00:00:00,0.003317374708886156,-0.007722463994373041,0.03805409355546785,-0.03002659990611789,-0.011090677259575354,-0.0022490318736967385,-0.004192817448266939,-0.006524060210378546,1.2360163757607623e-05
2021-02-26 00:00:00,0.014760429110920681,0.026472949014356262,0.010330744284638316,-0.0006323498572373687,-0.011480373025338553,0.02334711669079992,-0.03580885649087795,-0.018591874953732934,-4.559756496824718e-06
2021-03-31 00:00:00,0.022963662760931758,0.042091324532122165,-0.008711133881968758,0.050939601432081094,0.08551844020197308,0.0073373885898502245,0.008003590898113089,-0.0021088209379920286,2.0267894088599192e-05
2021-04-30 00:00:00,0.03697398418742237,0.04043766102057922,0.016033874127175274,0.017245298551935573,0.027810817616899186,0.02592099165894357,0.005621613123194091,0.0004229771479760114,2.8894633244291867e-05
2021-05-31 00:00:00,0.02308145047985488,0.010319356842478644,0.013481565697993192,0.010001449485432579,-0.0011585091405987846,0.011009795895322139,0.0026500355130689712,0.0016598450918421381,3.935760142281808e-05
2021-06-30 00:00:00,0.02253663245584936,0.02342053274843181,0.00833820617516623,0.03478102277076145,-0.0031153066587439326,-0.006743361349230814,0.006881363760136594,0.003995483715133696,2.614683856139166e-05
2021-07-30 00:00:00,0.011058328298947373,0.017143441836444673,-0.0610518692001657,-0.029038102034978586,0.017724617920266583,0.0028393517282094827,0.017606738790901355,0.014396516445853935,2.9931677415717672e-05
2021-08-31 00:00:00,0.026089571136193257,0.026731981191420173,0.022605129890698628,0.07603400714780983,0.02088734557287819,0.009236807064264996,0.0009121672150762539,-0.0026986608338821494,1.5255808691660988e-05
2021-09-30 00:00:00,-0.018869660060105042,-0.03687156053190521,-0.028203350289991325,0.0036476971664667346,-0.04405033884842602,-0.0001805455252485988,-0.015149115215910447,-0.011209403637288728,5.501229635163085e-06
2021-10-29 00:00:00,0.0009958493751878184,0.055045772756452394,0.008918211716505642,0.005262911354386723,0.05933598630734238,0.012779375199677867,-0.03554913533243853,-0.002789907327135688,-1.0582299093564451e-05
2021-11-30 00:00:00,-0.005315802976282424,-0.014674612271067367,-0.03221542337683625,0.0012690946667872627,-0.02565450555106441,-0.02209543141638437,0.02081260299618104,0.011357778709606858,5.54681505029464e-05
2021-12-31 00:00:00,0.0265067440260216,0.039970035318117825,0.014845724120033266,0.036688658326261336,0.06867370954576923,0.019158485273492287,0.0009151459985838883,-0.007327047222416616,3.6285448455686264e-05
2022-01-31 00:00:00,-0.0645433282272132,-0.04931827528392008,-0.017905811447929243,-0.07511909414511009,-0.033348209113152505,-0.00656428040624224,-0.010198575733071258,-0.014085200230918082,5.021057952614427e-05
2022-02-28 00:00:00,0.020868932549359398,-0.0265079535896644,-0.023825022783491856,0.042258990135476626,-0.008356055416511854,0.0036570668661430883,-0.012100464412283296,-0.00999577707830479,5.088301126021655e-05
2022-03-31 00:00:00,0.0689729211319583,0.031073968565886734,-0.020627254987294785,0.009982303600094333,0.08146409361241402,0.02434681793714555,-0.037474803203695894,-0.020776680664424285,3.381462929508139e-05
2022-04-29 00:00:00,-0.008364056642922502,-0.0689503740416545,-0.035202697181978104,-0.006411890748325155,-0.041258770731769534,0.003853564547206201,-0.014876334221928578,-0.023824189820839115,-0.0001597485516063868
2022-05-31 00:00:00,-0.02759599486573272,-0.0023394350567372824,-0.0016863306188610316,-0.05603205887651985,0.014906231084943267,-0.0062816262432384695,-0.0088581547313481,-0.005858116392460921,0.00034855112819420775
2022-06-30 00:00:00,-0.08966363643584718,-0.0777412641067341,-0.04555128258553043,-0.0883400809716599,-0.051409019185674865,-0.02057135138785715,-0.014797486583439157,-0.012264828749295575,0.0005025028597953618
2022-07-29 00:00:00,0.05954493195884436,0.07975218363389014,0.0011070968023614292,0.10096684557116209,0.0606427350648262,0.005337047661076788,0.03356612955771565,0.021476900615106764,0.0012271434614588017
2022-08-31 00:00:00,0.011776579317434921,-0.03457828372448335,0.012077373693006432,-0.0347324263430544,-0.01742477410299159,0.005061797829874148,-0.02543830763816657,-0.02586337024608032,0.00154781285718264
2022-09-30 00:00:00,-0.0629470185762927,-0.08305082228881033,-0.09380852933526829,-0.10970459097326479,-0.1157881205201049,-0.0068242616148932456,-0.013624728658276242,-0.029565708155833925,0.0014588127817813934
2022-10-31 00:00:00,0.05963623352151082,0.07143943754519211,-0.026269220448825403,0.1052291021983216,0.029946376072443437,0.0055244063324539905,0.009267385896661873,-0.0016370672439504075,0.002424585127870804
2022-11-30 00:00:00,0.0649067280751241,0.05654311725035721,0.11682404361672827,0.03375295759267116,0.06632755647764155,0.002637693043596956,0.015486276808532429,0.016874321350957677,0.00249107505373658
2022-12-30 00:00:00,-0.032929763165816084,-0.050795932198024474,-0.01999094231189691,-0.01553463013553924,-0.027896853216058504,0.0010086828510285084,-0.020595340688558728,-0.017409164233340824,0.0024965839839015125
2023-01-31 00:00:00,0.06287422659836328,0.06502321564827196,0.06543338342318172,0.04998912048835602,0.0071987114523244244,0.01847842368288477,0.027552798081430074,0.016988699120721096,0.0026583471133789782
2023-02-28 00:00:00,-0.025489362153981454,-0.015685801619389372,-0.046546445488415356,-0.0002611677605433016,-0.04591866456370863,-0.009425889777255003,-0.013232801025167995,-0.014148600020156499,0.0024019062565627802
2023-03-31 00:00:00,-0.0023609425051317467,0.024842654318523616,0.021608521051640794,-0.06410787910452842,0.02265692013792786,-0.007221044959440759,0.031579933197831256,0.023651427829199267,0.002839437214427587
2023-04-28 00:00:00,0.018475004736738576,0.01602927437865076,-0.00697422668539982,0.06337474779653829,0.017023406766588645,0.0031133588927863,0.001929651575516944,0.002625897695730739,0.003044969055314928
2023-05-31 00:00:00,-0.025312284709329225,-0.0021624089253053924,-0.00990547584477186,-0.03477486782525829,-0.051561899316884596,-0.0017754767358335588,-0.012052400325633483,-0.004396087288962236,0.002948077335750865
2023-06-30 00:00:00,0.017316255965940996,0.05685908700558451,0.03446315595487781,-0.012633943747321075,0.028206846202152525,0.015709009938630336,-0.019541347526082276,-0.0017104685500947125,0.0030102202793516053
2023-07-31 00:00:00,0.02894473622674809,0.02915138166055531,0.053041031199896116,0.04425769637238375,0.01634059674423516,0.013006456442406611,0.005190767885293157,-0.0032142816087973314,0.0037329703504040967
2023-08-31 00:00:00,-0.007637697571251767,-0.01755395052532205,-0.046799530327294114,-0.019377644751780387,-0.048292413721159555,0.00168905544852338,0.007395681493541639,-0.0019090617150920863,0.0036535232226799774
2023-09-29 00:00:00,-0.028886304230806847,-0.036948950626824684,-0.017949535544111384,-0.08394509494364766,-0.048645653525383414,0.0033197207219075597,-0.01525467379931078,-0.016854451887382216,0.003373869171939159
2023-10-31 00:00:00,-0.03801148508658592,-0.026264103184308385,-0.035939534100133064,-0.06649496380835673,0.0025489268485823224,-0.0012998608229826125,-0.018491643215898357,-0.006809563946226227,0.003347432929301064
2023-11-30 00:00:00,0.050637576463525846,0.08296881842229009,0.0618001982639198,0.10720109949845646,0.06439216492154487,0.014645754177458059,0.029739398516242854,0.02802061032385228,0.0034994054628534332
2023-12-29 00:00:00,0.07216656687439582,0.041614675563989456,0.031425942411706265,0.10326907578438349,0.027660904154631405,0.007035774907032,0.026870825506986273,0.02765323514871576,0.003691046014470345
2024-01-31 00:00:00,0.011003444370398574,0.017869790907702132,-0.03486086551614598,0.013347439245221748,-0.021321877375860443,0.014127637673700288,0.0020638164006854254,-0.003829552461623309,0.003696219114529109
2024-02-29 00:00:00,0.009837413820585006,0.04608680455337266,0.05096064099847153,-0.01452773803671148,0.009364827514679375,0.02060443046004723,-0.0030045121337624048,-0.006084989772338956,0.0034466397714789654
2024-03-29 00:00:00,0.03263019492918473,0.0339158605657508,0.03017978013365874,0.1037678738586234,0.03477977339416194,0.017391412446234655,0.01121735573812388,0.0065654724143702214,0.003670859126891912
2024-04-30 00:00:00,-0.02923557056725845,-0.032378647644399905,0.014016875223850755,-0.0770635120140365,-0.020246353315469756,0.0015517894453880299,-0.019844452062649065,-0.015617583888246411,0.003523362597363855
2024-05-31 00:00:00,0.008508216337767216,0.04066581671666403,0.004766970181109276,0.019833223744845085,0.04617210576967956,0.007014932656646433,0.003931675296094728,0.0038921281817305697,0.0037470549543896503
2024-06-28 00:00:00,0.00916144042713074,0.02321250539926112,0.04259154545764221,0.006409668456122342,-0.027172384313572273,0.0061785978217414605,0.007728977291977079,0.007781488432749173,0.0035019066258707987
2024-07-31 00:00:00,0.04132341695555741,0.012462772697418023,0.0060429909668786586,0.06087930821892118,0.07522085917840138,0.004743958676989513,0.014788009634337795,0.017500190980622055,0.003737101000759857
2024-08-30 00:00:00,0.004447357470642288,0.018661406144260928,0.004026978155592165,-0.003592923305489548,0.03197590164210795,-0.002324828933334966,0.01207748269456288,0.009292938140547768,0.003778698716460527
2024-09-30 00:00:00,0.03073303984121467,0.015040069710264614,0.055571943879478614,0.06902646339855378,0.020203222958353084,0.017717079264410796,0.0030782403508209377,0.009793454668818091,0.0035878365646271337
2024-10-31 00:00:00,-0.012954873526997646,-0.009183556081806987,-0.028737773637633968,-0.026232455755413664,-0.009328507575759093,-0.009276744405627424,-0.018815382658542767,-0.01361084447619254,0.0037436505944032916
2024-11-29 00:00:00,0.03682639395361598,0.048806176977124194,-0.02740739058118602,0.022189039213871276,0.043463588108625606,0.01726191894403284,0.011353178864035085,0.010937820899795225,0.0036074304448949768
2024-12-31 00:00:00,-0.030750267814504628,-0.01915100325080865,0.011863302780863005,-0.05943135212939121,-0.06784452784807737,-0.0004684334414634117,0.0050704838662865015,-0.007671714637735638,0.003766006945844058
2025-01-31 00:00:00,0.04463590180634247,0.03457206413591085,0.0159802215585525,0.043758614399221685,0.014592560292812085,0.022214150976555658,0.001878878747766155,0.0027733669916032433,0.003819303267772245
2025-02-28 00:00:00,-0.03791113187086337,-0.009560041137108843,0.0073583145799385186,-0.06439718515677528,0.02877759452792006,0.00185679736839095,0.009274076018187305,0.00969385832546421,0.0033897316106701325
2025-03-31 00:00:00,-0.033390684829866624,-0.050168405779966396,0.002984472473817057,-0.052816335002464854,0.012474489795918142,-0.003306295690375105,0.0017408692572198348,-0.005253251741104026,0.0034701723236749693
2025-04-30 00:00:00,0.035979478342601956,-0.003748314297707167,-0.0021336318086028205,0.06399542009406334,-0.008109290333849328,-0.004614325068870606,0.016996251487933378,0.012350224376455277,0.0035262459518583533
2025-05-30 00:00:00,0.04196736060969197,0.05927989999141148,0.03128798642972952,0.04989753781832773,0.010154835020458108,0.01394174219885147,0.0016290100991547263,-0.0056441377769211876,0.0034340231147769185
2025-06-30 00:00:00,0.01419845915788831,0.0377462038004841,0.04881415104188158,0.020744547812995062,0.0036280960484023073,0.012271543439444033,0.007481622371968921,0.007390041494930166,0.0031822960359164654
2025-07-31 00:00:00,0.02433176409984905,0.020266604270509525,0.033743783354610146,0.030383541767761146,0.013875353722333506,0.005415365256274951,-0.00035268302186775013,-0.002973813270148229,0.0030093058078868307
2025-08-29 00:00:00,0.03164378478664198,0.020613975985434685,0.013725332133108337,0.04808988030569372,0.007360119453525549,0.018572322546039688,0.003347213271629901,0.0026182591940913102,0.0032043684384088778
